filename,folder_label,tsci,contrast,dissimilarity,homogeneity,energy,correlation
images527.jpg,good,0.4046,140.77151810120677,7.387359157277151,0.24247838220243462,0.01969929682679639,0.9715285690410241
AdobeStock_179232317.jpeg,good,0.4786,34.1897024757024,3.4044790412962174,0.34516420058006525,0.021846477370469818,0.9954793590835994
image22.jpeg,good,0.4108,266.87856668878567,10.15335102853351,0.28407934715528865,0.12327768374156058,0.9711191645673147
images876.jpg,good,0.3246,118.62688492063495,6.975165343915345,0.22287242922789222,0.02405428372119437,0.9758238689575104
images137.jpg,good,0.527,365.6492099499374,13.307767521902377,0.20004904738575735,0.10664379224155181,0.9585821643849919
images453.jpg,good,0.445,225.54268533123027,9.51738301787592,0.16309738110899807,0.012929664145148173,0.9685962496136267
images320.jpg,good,0.3686,411.86076285240466,13.885771144278607,0.20166474733476744,0.10993601532728853,0.9569197004280483
photo_111.normal.jpg,good,0.5505,60.236360265146246,3.4943865016455753,0.5729124736769362,0.23566342621412262,0.994164085529556
are-my-summer-tires-worn-out-hero.jpg,good,0.5635,67.32114613342371,4.797329548664068,0.31182572357074756,0.01984107054432354,0.9922816876463589
images491.jpg,good,0.4294,222.27453127592503,8.811979425916709,0.31774382431108367,0.13791622128120742,0.9688506576964112
images485.jpg,good,0.3503,232.29600399600398,9.358741258741258,0.288419455621978,0.07597548735196494,0.980088744874661
images122.jpg,good,0.3737,169.5985784509101,8.683804968779064,0.15097111272598085,0.014209941255148512,0.9713149848922723
images693.jpg,good,0.3677,179.0187345823055,8.429095273018202,0.1853517041301664,0.016953367048362287,0.9745179484080483
images687.jpg,good,0.3842,76.25806237777999,4.838752444400252,0.3397359394978181,0.0279221542316092,0.9917333159099669
images903.jpg,good,0.382,30.401628447989367,2.031339315387172,0.7091136547408208,0.08736536977766944,0.991455070931744
images283.jpg,good,0.3009,156.06991497276474,8.091703201806828,0.20394272092900226,0.01769071818879786,0.982209069299426
images297.jpg,good,0.3759,133.43337757133378,7.620371599203716,0.20981849034577535,0.023356250334234933,0.979033211223687
AcQzfTrKlpEzAAAAAElFTkSuQmCC.jpg,good,0.5168,128.82762684373256,6.868708500177403,0.25991110597815253,0.02402516519426368,0.983566236747206
images31.jpg,good,0.371,236.48027102431251,10.978278198485455,0.10818026521207166,0.012784214549503643,0.95331823024239
images242.jpg,good,0.3556,107.20661375661379,4.8572751322751335,0.544576078475181,0.09317609804155091,0.9840035748507004
images25.jpg,good,0.5625,170.0699111243268,7.199986784286517,0.4190568531143333,0.2550378389833068,0.9861346251477298
images691.jpg,good,0.4985,197.4266039749233,8.629418434040284,0.31856521441507807,0.08115329711335624,0.978040619505774
images685.jpg,good,0.4167,151.30750661375663,8.470601851851852,0.16163948858825847,0.017091587013025874,0.9622955412230033
images861.jpg,good,0.416,125.86663568773233,8.249468932554434,0.12818754530698817,0.01392630793730481,0.9732484996916617
images120.jpg,good,0.3965,146.71245549232972,7.7246680642907055,0.32179770860887114,0.2051165139047728,0.9872566995845601
TrailerTires_header_image_3.jpg,good,0.6114,24.30428035350004,2.6976428933211642,0.4457937770695341,0.032917116914044926,0.9969988157717052
images336.jpg,good,0.451,201.8424325043224,8.000764729352309,0.32681923486668457,0.02601449580661375,0.9600124805725985
tire-care-tips-miami.jpg,good,0.6776,129.69824722681864,6.1571796286082,0.3483368848378175,0.0381509784471526,0.9792995349018426
images323.jpg,good,0.3115,161.25998125585755,8.42933458294283,0.20104796033944394,0.015635216071650575,0.9805681119802301
images121.jpg,good,0.2747,79.41177248677249,3.858994708994709,0.6250862054613437,0.4755472839877703,0.9887198351022793
images690.jpg,good,0.426,207.85279659891057,7.964195562641159,0.21945773750158967,0.020341756003796074,0.9503942781474941
How-to-Check-Your-Cars-Tire-Tread-Step-by-Step.jpg,good,0.6,50.620943900825026,4.612611448507559,0.2708756677175174,0.019593675965541284,0.9907380523664137
how-to-check-your-ti-hero.jpg,good,0.5116,27.813709401709406,2.8241538461538465,0.4236332022928067,0.02894139200578259,0.9957306062963153
images531.jpg,good,0.4325,290.1470627062706,10.980462046204622,0.18751988100374592,0.01838036435113184,0.9548119970496928
images30.jpg,good,0.3667,151.93963829434216,8.08020574083292,0.16693028674307955,0.013788064020334046,0.9790701658407508
images290.jpg,good,0.3522,313.9370204285002,11.18870619498422,0.24067333048404166,0.08059293802619795,0.9616706802191677
images521.jpg,good,0.4187,208.76974553139033,8.350796865369375,0.2652289591429985,0.037046321302843584,0.9635232022989754
images247.jpg,good,0.3379,100.28558677685952,4.7460826446281,0.5558933685821946,0.3740842404051161,0.9888610657709299
images131.jpg,good,0.4269,208.0535500995355,8.562707365627073,0.20032894040258292,0.01617789596038886,0.9584003625828162
images326.jpg,good,0.3339,247.05251322751323,10.317526455026456,0.18226694768984317,0.014422918554544686,0.972591661903164
images440.jpg,good,0.3789,208.71018304228906,9.133845290693596,0.16735433743097228,0.018030286447707506,0.9641840826068375
images454.jpg,good,0.3538,220.5051587301587,10.140145502645503,0.20842721295303218,0.08318523862063641,0.9667637313800832
images332.jpg,good,0.3329,356.4265979245158,11.008658867076473,0.3501355609338517,0.17937551047798916,0.9718065208100255
images483.jpg,good,0.4624,355.3392584224866,13.810186723370325,0.10759186218559007,0.012262291646575878,0.94987928455532
images859.jpg,good,0.445,272.7503156355905,10.622400159479035,0.1851514022989487,0.013815864612444079,0.9558323275350809
images736.jpg,good,0.3117,154.97829710396556,6.946280991735538,0.38637174789402784,0.09517881145644234,0.9897908836433977
images905.jpg,good,0.4421,241.61576549811844,10.013732092163465,0.23147215120146958,0.025972050753839702,0.9493019408872694
images252.jpg,good,0.4031,143.91476022143667,7.5899419729206965,0.21385927936118262,0.01885103693250526,0.9789836243813774
maxresdefault3.jpg,good,0.6007,54.20995704773795,4.044568545270792,0.3913608893796632,0.04025911488754989,0.993446560894664
images35.jpg,good,0.4422,253.43255890591527,9.714582303509637,0.2538545300046402,0.06701594672671629,0.9715215128735586
Using-tire-tread-depth-gauge_73454341.jpg,good,0.4831,62.422110792741165,4.266762177650429,0.36956916971484377,0.03620672989078645,0.9936331021462469
images291.jpg,good,0.4322,385.0784671532847,13.43679495686795,0.14011387700395095,0.019947123005715748,0.9514404942495647
images287.jpg,good,0.4524,355.2323232323232,13.15258545722122,0.18672985422829214,0.08329729595650438,0.9524250875054546
images536.jpg,good,0.4716,120.4387666954615,6.110372782244667,0.2602071906228352,0.02144344845717283,0.9685272500011465
images244.jpg,good,0.4197,211.30204620462047,9.33023102310231,0.18735174293715623,0.015460364248047581,0.9712447455820173
images37.jpg,good,0.4999,340.3039372706039,12.920887554220888,0.12090050711729736,0.01170441344276717,0.9528575544980159
images522.jpg,good,0.3029,231.40500829187397,9.741990049751244,0.19837423931632178,0.0244984451155463,0.9701096178013945
images907.jpg,good,0.4523,379.4808276604746,12.475712472597207,0.19351698972234221,0.04088857822868863,0.9631714946878985
fleet.care_211122_0302.jpg,good,0.6529,155.2314588427058,5.929731051344744,0.5411322496320911,0.053653779148007605,0.9759192528450322
images683.jpg,good,0.3796,298.62074694311536,11.15742955874535,0.17070428988103908,0.015129000971605211,0.968403531287256
images654.jpg,good,0.3777,103.89553571428571,5.258498677248678,0.4050311801999601,0.08653103164137627,0.9827797991258422
images481.jpg,good,0.3278,221.78029100529102,8.615343915343916,0.352302524507125,0.17576908542844855,0.976857479322143
1666881312128.jpg,good,0.704,139.82725290525437,7.139938063374441,0.25106586836667155,0.020505551182124288,0.9703478903559677
images331.jpg,good,0.3894,161.21654670691123,8.377292779196656,0.16094447048216484,0.014239936959435475,0.9713882550113093
21080-tyre-tread-depth-320x550-mobile-1-.jpg,good,0.4668,45.053757944797546,2.308302591226277,0.7438773134235942,0.09273067675114287,0.9878634550305406
checking-tire-tread-with-ruler_18977381.jpg,good,0.4468,19.841641206423816,2.148159028593811,0.4915381132766841,0.031471994332487596,0.9980012632662091
images735.jpg,good,0.4225,233.43196581196582,9.980273504273505,0.22221915401763345,0.02932029076687013,0.9668158545949826
images912.jpg,good,0.4234,425.33439153439156,13.416269841269841,0.3147856146747664,0.25720146292615464,0.9585375899429806
images92.jpg,good,0.4027,79.94307170542633,5.501764950166112,0.31980166198122784,0.028140766253783853,0.9765261101770458
images79.jpg,good,0.3853,203.62495867768595,9.889685950413224,0.15423558765132178,0.013471611813038534,0.9662791527499054
images578.jpg,good,0.4274,169.51227011012355,9.184582704455252,0.14770175766987106,0.018250390736756047,0.9196934172698684
tire-tread-wear-caus-hero.jpg,good,0.5931,29.310745770788657,2.706501116317652,0.5189564779519432,0.05742694714276735,0.9967289986479707
images752.jpg,good,0.3152,176.80178470349284,8.04541670828755,0.2869180224106829,0.09557554241656475,0.9814447530290418
360_F_249894687_KCuriDLpyN5gKw0RDcTx06ROxfvq5BVG.jpg,good,0.4196,50.01850991325898,4.0412450089494705,0.3032538124182167,0.020718974895076712,0.9934732564734232
images197.jpg,good,0.3363,398.71183584456776,14.174960348929421,0.14134975565781593,0.03936553919338517,0.9464839622757432
images801.jpg,good,0.2975,163.12649418972464,7.741151400126529,0.2842551328272147,0.07649785271312794,0.9835812623726962
images6.jpg,good,0.4165,274.65467271293375,11.492737907465827,0.14937772492443746,0.012132138127035756,0.9623719596787282
maxresdefault.jpg,good,0.6078,48.86731540190553,3.93083023013956,0.3694882343014699,0.027533697094544785,0.9914986566019192
images357.jpg,good,0.3607,118.34774386197746,6.655640345056404,0.2894715711891571,0.05374637998932956,0.98537777844417
images828.jpg,good,0.3695,225.86821395224757,8.939108976924103,0.2433815340531393,0.021603985742721512,0.9650146530190349
images196.jpg,good,0.4202,177.76061712010616,8.263735899137359,0.22767905630810795,0.02391977743822085,0.9796354785852825
images747.jpg,good,0.3811,149.802767821585,7.821219965485199,0.19889889238820066,0.01645459788350942,0.9804683207271125
images753.jpg,good,0.4468,249.73724151643688,9.854818398727463,0.2986481552272775,0.10391324658878917,0.9745948537529442
images579.jpg,good,0.5584,335.3528744831265,12.559890622915834,0.1747566214962838,0.06745201324874739,0.9391651227115037
images586.jpg,good,0.311,215.27952677624606,9.374038971367977,0.2336907234771092,0.03868792374058422,0.9802776224195747
images592.jpg,good,0.3945,216.12294458229943,10.598312655086847,0.11655377975595033,0.01249611191918117,0.9519627369382384
images553.jpg,good,0.3972,178.39701393497012,8.666423357664232,0.22668356077979615,0.019946695305374483,0.9713527747111307
Tire-Tread-Penny-Trick-e1421947199871.jpg,good,0.4642,35.888745130773515,3.3941708402893713,0.36525162984267806,0.030155962566204092,0.9964195878056351
images745.jpg,good,0.3816,275.8382936507937,10.57850529100529,0.24132296171616185,0.09599758653081072,0.9583869985913314
images194.jpg,good,0.3725,171.5653199548143,7.775433583626819,0.2679502631469699,0.04256144733074968,0.9808093196972351
images180.jpg,good,0.4131,200.48115020208047,9.395083813688466,0.16446944225749427,0.013719007576739875,0.9607954519036684
Tyre-tread-depth.png,good,0.4236,25.60533865720201,2.0024401064773736,0.5949752630156102,0.0764219431112084,0.9971657233769445
images396.jpg,good,0.4934,248.17644913118448,9.577828624486006,0.3300218897630331,0.18863585033893224,0.9723792742145119
images433.jpg,good,0.3945,314.26308871851046,11.738079591091642,0.1317394305442322,0.012635433634440257,0.9458573189638912
images341.jpg,good,0.4163,88.13683683683685,6.080980980980981,0.22131536266888455,0.016406528893021702,0.9834068215364017
images427.jpg,good,0.353,199.51828703703706,9.446858465608466,0.17142437891172718,0.015243059052904488,0.9700242019815412
images340.jpg,good,0.3813,106.62485069674852,6.9760119442601205,0.2034721688574151,0.01934794510613532,0.9833206345313823
images383.jpg,good,0.3015,177.6228174603175,8.716071428571428,0.23767093282330828,0.10799930414709674,0.9787551293445484
images618.jpg,good,0.4662,203.11353682813535,9.53828798938288,0.15338882713115082,0.014914870715678685,0.9496251666236696
benjamin-brunner-Ebd514pvJA0-unsplash.jpg,good,0.5661,55.065660455790294,3.2367896615805947,0.5926351687522073,0.2185680321619104,0.9902216810826815
images624.jpg,good,0.4773,252.70917858330566,10.204423012969738,0.19249446534189635,0.015008878010998108,0.958883133397332
images142.jpg,good,0.3422,161.95547876935345,7.649079673067977,0.3238613523338754,0.09145553971710392,0.9798711516736547
images156.jpg,good,0.4097,248.31067382230177,10.76492413701716,0.16216275490222126,0.015554670340746249,0.9567169060552005
tire-wear-by-brand-comparison.png,good,0.5942,147.9363071747428,6.723803670397446,0.30462463430195835,0.04787525625409026,0.9705155490165911
images744.jpg,good,0.3671,334.20534880618914,12.014138988928904,0.17949591172099452,0.06432936046501846,0.9601777557182339
images552.jpg,good,0.4554,176.47354233226838,7.767937965921194,0.3499295780933277,0.05250068720841835,0.9735409571262792
images90.jpg,good,0.4369,344.36609157266093,13.205706702057068,0.09991322735334988,0.010341584741131508,0.9511274373438658
images57.jpg,good,0.3778,273.7255018882926,11.343934274166834,0.12512457371463814,0.011631304217917176,0.9594414508843071
images542.jpg,good,0.3777,111.7634920634921,5.013756613756614,0.5211942454716506,0.10214058776063217,0.9811906619852734
images556.jpg,good,0.3813,151.54560855325076,7.658698189210556,0.2283263234205219,0.019892828016411245,0.9857649585386866
images230.jpg,good,0.3546,196.2824904080921,7.919323334495989,0.2964044147188714,0.04006137950108112,0.980379463047612
images797.jpg,good,0.3828,423.26722421346085,13.60872162485066,0.23932779871523532,0.15250525152845165,0.958415972289102
images740.jpg,good,0.3923,203.6141235813367,8.679166390124113,0.21891969408885822,0.01669077254727187,0.9676122004530505
images608.jpg,good,0.3273,186.26599628302137,7.1766560467277305,0.3826554362044675,0.0492724089781757,0.9682792939780258
images634.jpg,good,0.42,177.8621490674985,8.933696157164665,0.20310721522597736,0.02702835762579544,0.9654822055768657
images393.jpg,good,0.4708,258.18326905173564,11.571419071685064,0.11564102354646298,0.013961277853175672,0.9300781544956942
images351.jpg,good,0.4349,245.13292901173196,10.360078213031088,0.18906971931569388,0.018379146210899342,0.961954220452944
images386.jpg,good,0.3706,117.26769098314514,6.4660088082386835,0.2732777709930264,0.06477868530651003,0.9894718783113191
images392.jpg,good,0.456,234.0541473125415,11.041473125414731,0.10963287274575187,0.012400217599679684,0.9511403412623539
sddefault.jpg,good,0.6308,209.61245736851552,8.108497127984204,0.323949340745849,0.037070431782887124,0.975831587524196
images635.jpg,good,0.357,104.98024789553921,6.543845694969179,0.2108610075961604,0.018819703757367127,0.9811826650581846
Untitled-design-6-e1689318755768.jpg,good,0.5516,30.080720198739964,2.6703019258774696,0.4513646302263528,0.05145020174941716,0.9970184584581265
images769.jpg,good,0.3583,457.4332210624604,14.892386700903725,0.15939080608985984,0.04026338584059815,0.9329744061297974
ghows-LK-6ba044f3-dfb4-200b-e053-0100007f6ed2-bc18eb14.jpeg,good,0.5716,174.7296523861628,6.568112953455097,0.3237679549066274,0.06778239951384103,0.9715397284956515
images219.jpg,good,0.337,115.32328042328042,7.127645502645503,0.20252359759167082,0.01609599025115861,0.9806591803152508
images569.jpg,good,0.4391,330.92214832058534,11.432424343199202,0.1550638142491973,0.01514916525716945,0.9566845387460359
images68.jpg,good,0.353,227.51554308991956,10.27416608233998,0.16217258303345627,0.013618125374839554,0.9683355773067025
images40.jpg,good,0.4083,205.92592469949335,9.809364548494983,0.15538547357117843,0.014260024486563421,0.9618809726003195
images623.jpg,good,0.4717,472.3098877001794,15.091667220413317,0.12434541900304363,0.012058473810937826,0.9400619579975795
images390.jpg,good,0.361,347.00276041666666,12.809322916666668,0.15951715595520546,0.014306050675763037,0.9502624050035983
images347.jpg,good,0.3846,363.60059523809525,12.043915343915344,0.24788343822787023,0.09251956741008086,0.9566488865866856
images352.jpg,good,0.3836,181.09368560983717,8.425157859754071,0.26080090309243686,0.023796963333392214,0.9801052172821904
11_32-new-tire-tread.jpg,good,0.6108,133.18995953015497,5.880386931201263,0.278773858760555,0.017420315169115744,0.9839319136793137
images178.jpg,good,0.4055,296.65844155844155,10.726240426240427,0.22784420826427387,0.0877465102843551,0.9695886720246467
images756.jpg,good,0.3338,158.43097238895558,5.877417633720155,0.47634653861460596,0.2751711313700998,0.9849930561393245
images540.jpg,good,0.4196,234.26647928796098,10.21006491333735,0.16211620801533982,0.017257712521480492,0.9569615091734027
images232.jpg,good,0.3579,362.17507002801125,12.563492063492065,0.17610383761997356,0.05559504811755159,0.9585438256023908
images554.jpg,good,0.4697,167.02535016768593,9.52163477345959,0.1276783312057081,0.016409059183620175,0.9446023461413785
Tire-tread-seasonal.jpg,good,0.6524,113.3430811764145,6.716804105692995,0.2656335893740284,0.01876195010646808,0.9853431069242665
images571.jpg,good,0.3396,175.84585760837365,6.822257331885059,0.4389915621498238,0.23766593902013178,0.9846787256010955
580901.jpg,good,0.7024,175.1903984184686,8.166271534692587,0.24172833442734634,0.022960217450187174,0.9706527171361047
images773.jpg,good,0.3729,327.03117744610284,12.502421227197347,0.1383279098494502,0.026092407539996677,0.9513424970799185
images834.jpg,good,0.469,199.6699868073879,8.847625329815305,0.19132654824753761,0.018571354721686778,0.9630470847508664
images613.jpg,good,0.3189,148.276091954023,7.285402298850574,0.30796124294262595,0.10867243947569515,0.9837274312968174
images377.jpg,good,0.3633,282.4459656084656,10.82473544973545,0.15838180375226468,0.01476542456757068,0.9539007472992378
images376.jpg,good,0.4205,117.17453333333333,5.5534,0.4734710547168619,0.10338655618599547,0.9770157725283279
images410.jpg,good,0.3192,162.68705372038704,7.98948948948949,0.26854314287520487,0.13720268581949055,0.9853498556604422
images404.jpg,good,0.3305,461.7054721388055,15.417784451117786,0.11206397238055671,0.02483649370020968,0.9413071914617019
images389.jpg,good,0.3979,304.0113297555158,12.520506194924803,0.10592871760406529,0.01371280651530646,0.936877846157433
images612.jpg,good,0.3754,192.25385764061724,9.430562468889995,0.14279084630752706,0.01734069879040967,0.9475912415399306
images772.jpg,good,0.535,507.09014343992635,16.916238978813006,0.10225245659489186,0.033019715605508565,0.9113150347195524
images941.jpg,good,0.4531,103.98912754355632,5.118932038834952,0.4759989956897728,0.04189854590873576,0.9718721362696204
images564.jpg,good,0.4143,369.0185533036745,12.446531553797993,0.198252728610879,0.06090444180249492,0.9605658398882749
images98.jpg,good,0.3954,152.91241436925648,8.16233918128655,0.18328779029687817,0.015583375084497605,0.9730733359355268
images200.jpg,good,0.3923,475.07904875780525,15.643483459545635,0.09899501146794994,0.016441031141657465,0.9169306608280775
images572.jpg,good,0.4281,301.4838539607223,11.392315803347833,0.16723274145362294,0.01531224915239301,0.960777641652475
images228.jpg,good,0.3629,183.98138686131392,8.710915726609159,0.23032610588360514,0.0506565025148407,0.9803516118120696
images943.jpg,good,0.3675,297.36284305888626,11.07220889954703,0.2916055249366505,0.10125112354570692,0.9701271801627377
images770.jpg,good,0.3001,204.80978928156628,9.392765886842541,0.18478548550832904,0.018480899206116206,0.9653793787277615
images348.jpg,good,0.4708,237.04179679712942,10.931689813276634,0.1369616985569394,0.012288550223283136,0.9590726840184239
images407.jpg,good,0.392,201.47259407259406,8.812987012987014,0.22460515407796464,0.018591411871905942,0.9498745157947839
images177.jpg,good,0.4098,167.83771897405578,7.977640623845074,0.3017959318892235,0.03351959727666435,0.976298868556519
images611.jpg,good,0.4329,212.93840169731254,7.295968882602544,0.2695351172275172,0.028980239146473886,0.9585814625356925
images765.jpg,good,0.3899,137.22461456671982,7.402644869750134,0.2798338960544582,0.04427305725652912,0.9861823124212854
images942.jpg,good,0.3622,257.4717418670907,10.376730934870471,0.2728218810851768,0.16737790517877546,0.973216243102181
images89.jpg,good,0.4795,249.87859986728597,8.607863304578633,0.36630045042888615,0.03167930053203541,0.9215241622943235
images946.jpg,good,0.4101,129.48731829573936,7.4854469507101085,0.18387997323663374,0.014166508861822837,0.9796436677850695
images749.jpg,good,0.5104,544.886259083939,15.879658643909593,0.34314069751650955,0.31123447509760066,0.9428224445852006
images826.jpg,good,0.2885,159.8906746031746,8.46111111111111,0.21949531014282783,0.04730963580462955,0.9762866901175744
images403.jpg,good,0.4048,404.1713013406604,12.460656591974988,0.16935531041778423,0.019810789872480476,0.9155044050366479
images402.jpg,good,0.4176,196.33805755157456,9.00622537170105,0.20808599224035762,0.01896334285996405,0.9690019464755255
images416.jpg,good,0.3888,171.44933778399914,8.224399698503284,0.22775426213797434,0.021238076008129575,0.9769704640229078
images628.jpg,good,0.3659,319.75512566137576,11.580654761904764,0.18334738914894855,0.014704661971064402,0.9395715754863282
images760.jpg,good,0.4328,119.15620437956204,7.468480424684803,0.18653897811830666,0.020031806364647083,0.9755437585360545
Checking-tire-tread-depth-Tire-penny-test-793x595.jpg,good,0.5343,49.547541238717706,4.068882098293862,0.3359022126554524,0.029175215189924046,0.9945064771231459
images49.jpg,good,0.4527,198.25893269929333,9.884056535235455,0.13280508925633,0.012455988992445554,0.966502266011326
images560.jpg,good,0.391,252.4446654071791,10.931954525869212,0.1861667881596762,0.033439071687663136,0.9697510551636882
images206.jpg,good,0.4518,199.85487407801185,9.213170310319622,0.21223532719729937,0.01759412321084568,0.972922743448411
images762.jpg,good,0.37,563.487962962963,16.879166666666666,0.1551280390645875,0.07534777917190848,0.9432733287819901
images602.jpg,good,0.4041,339.87953042328047,12.741501322751322,0.18617773538609028,0.050467340161182324,0.9579044231418464
images399.jpg,good,0.4106,330.58161375661376,11.153505291005292,0.307314792697869,0.20676515172736887,0.968533301341253
images171.jpg,good,0.4058,307.9670978441128,9.222288557213933,0.4745574119896393,0.31548352202835184,0.9656893732667895
images165.jpg,good,0.3843,122.23470407891227,7.210043988269795,0.2033640927987148,0.015301129414617075,0.9787116140692881
image9.jpeg,good,0.4452,276.1746516824395,12.243986593059937,0.10614591744327251,0.012011294056542002,0.952318835015152
images74.jpg,good,0.3608,219.27738024249655,10.023818988935268,0.14321031527590256,0.013800461289010137,0.9496183244052112
images60.jpg,good,0.4377,242.23322248087797,10.110176255404056,0.16257087855298114,0.012820269779921848,0.9668335438907742
image11.jpeg,good,0.4712,230.41650105988344,8.383114732379438,0.4021926750898515,0.034446792128010065,0.9507733715215487
images506.jpg,good,0.3233,197.30747855917667,7.273173241852488,0.383348597963258,0.07951695429663168,0.9820700959893258
images738.jpg,good,0.3195,265.85321345321347,11.194338994338993,0.1438784533138988,0.022278157812017016,0.9618542097258159
images116.jpg,good,0.3063,197.73869463869465,9.0002331002331,0.19237318042698537,0.018610190689190925,0.9718753291523528
images880.jpg,good,0.387,226.19107498341077,11.043563370935633,0.11496015212346924,0.012124937570981585,0.9736875671593685
Goodpicture.JPG.jpg,good,0.5244,65.09089723526344,5.057261780559903,0.25143251294252056,0.020717618395715932,0.9887149533076668
images466.jpg,good,0.3509,105.09906945829181,6.397906281156532,0.2021328917373664,0.016834434100930634,0.9762731457546787
images498.jpg,good,0.3964,163.52534852147423,8.756183979601975,0.14215680408231093,0.01482169171483938,0.9669929118796092
images881.jpg,good,0.4215,257.92880258899675,9.351826167360146,0.27449799716976425,0.03838897517421484,0.9728042572094349
D8AAD8A7DB8CD8B1.jpg,good,0.6244,129.8395694407981,7.322527347510283,0.2186731710675397,0.015762723531391958,0.9837101879870497
Tire_tread.jpg,good,0.6763,51.792969833192586,3.8848814370906597,0.4485521010980137,0.1958896512671604,0.995355617472429
treadDepth_closeup.jpg,good,0.4816,114.48792922477132,6.991190583295847,0.20997131362990945,0.019197199037597968,0.9784766241904599
images854.jpg,good,0.4509,184.08235372032186,9.619093347461837,0.14031180663149795,0.014071385168896739,0.9661213885183682
images840.jpg,good,0.4049,165.49070014614057,9.261259465922679,0.14158916846026295,0.01857311770139635,0.9574833603535694
images115.jpg,good,0.3668,190.61872225305217,9.096455327413985,0.17788862846077613,0.014921121140467277,0.9758814799514625
images459.jpg,good,0.4779,250.35925262179745,10.403258993760787,0.19307884738700523,0.017109401734866133,0.967798172021338
images302.jpg,good,0.32,118.9457167090755,5.624720487315908,0.4067971522119107,0.16739802614694513,0.9891261970927809
images114.jpg,good,0.4569,253.9678716193767,11.660010631935677,0.12452486192559677,0.013463691325065537,0.9369822804988188
2.jpg,good,0.5819,113.64242575909242,4.9054954954954955,0.5091718343842151,0.14622128806310633,0.9903025197404064
images716.jpg,good,0.4061,210.65955540809554,8.780590577305905,0.22915783952800273,0.016726423579342828,0.9579807788884179
images845.jpg,good,0.4141,212.64912727272727,8.412472727272728,0.4179256942055599,0.2361641983769795,0.9698837235627873
tire_wear.jpg,good,0.6567,289.3963841757655,9.969608693396191,0.3252909062233559,0.02781158041411215,0.9494288282930216
BCT_tire-tread-blog-scaled.jpg,good,0.7247,134.16266871073435,5.900402801575135,0.48059989412527215,0.3347641144582634,0.9900240974772864
images892.jpg,good,0.3416,205.8598688133572,8.842642284502752,0.19955763157143586,0.014433558754105631,0.9702778337199423
summer-tire-tread-indicator.png,good,0.4321,227.45575601374577,6.128878252331862,0.6447236327873322,0.24061024843446407,0.9830540536321493
images110.jpg,good,0.3367,191.0758928571429,6.636011904761906,0.44463959943058706,0.20101224760284375,0.9717319597690788
images306.jpg,good,0.3432,157.0797794606085,8.676497940746646,0.15407601335929844,0.013440047087594503,0.971727706769761
images307.jpg,good,0.3165,420.42324575989363,13.823445294313268,0.1613006411822494,0.05176664274294732,0.9488075018415427
images461.jpg,good,0.3015,195.2992437463642,8.337638161721932,0.24533829164610332,0.026690225099400902,0.9831219787451078
images475.jpg,good,0.3423,87.65811965811966,4.889816471211821,0.4223461063379631,0.07547717521774805,0.9930526363793056
images878.jpg,good,0.4547,111.87092472831522,6.154943662910861,0.34798064137447077,0.027463673125380478,0.9608079205767693
images844.jpg,good,0.3876,266.8198412698413,11.717857142857143,0.10993149178130299,0.012659233782477028,0.9385472604313418
images717.jpg,good,0.4244,202.13672806785058,9.187218393851047,0.1672518747190283,0.012959304552670727,0.9746194845862464
images515.jpg,good,0.3635,131.9709947504818,6.841883181606753,0.23212536315021817,0.015703999201521428,0.9828562347919237
images298.jpg,good,0.387,280.20100202791366,10.90965843572309,0.1263328336297231,0.014314463573166998,0.9569114535653683
pt-blog-how-to-measure-tire-tread-depth-image-04.jpg,good,0.4998,52.91046805334329,4.488187034729118,0.3077345399175713,0.025339126421793874,0.9939880984267505
images932.jpg,good,0.4899,407.5324153948241,15.031154611811544,0.10706902350764352,0.010485665972198131,0.9293594555605282
images729.jpg,good,0.3497,149.89409479409477,8.132556332556332,0.22427496780011624,0.020169400926349067,0.9746446458826893
images649.jpg,good,0.5361,181.85609103078986,9.626907630522089,0.12574350541013934,0.01585787496725477,0.9620157934136861
images661.jpg,good,0.3769,187.7777777777778,8.308774724545334,0.2071040613239401,0.0168199752586896,0.971078199160593
Using-penny-to-check-tire-tread_11416489.jpg,good,0.335,31.50050881552479,3.179316057271329,0.3661724718599066,0.02291516825428801,0.9963318558129265
images463.jpg,good,0.3624,251.34189814814815,10.56008597883598,0.17117225606650752,0.03831008171129609,0.9609081620236236
images310.jpg,good,0.4145,119.70991062039958,5.920807045215563,0.2798365166618586,0.023991677083783625,0.9870036890696583
images304.jpg,good,0.3449,169.06296296296296,8.66660052910053,0.15331197180677986,0.012929069548393466,0.9749714607128732
images106.jpg,good,0.3381,316.34310207336523,12.12061403508772,0.16654203472647716,0.03399037546033139,0.9689155337760939
images660.jpg,good,0.3374,195.53887559808615,8.074096225412015,0.2992793889261884,0.096461849619307,0.9766485374160275
images853.jpg,good,0.4188,354.90547544687354,13.801747624426874,0.09376074289202344,0.01016320479276179,0.9490457415912874
images270.jpg,good,0.3733,180.77131782945736,8.027396806466573,0.24266535362789313,0.01907562483096251,0.9749517807944865
images282.jpg,bad,0.3891,137.18343961737747,8.228477481068158,0.14822315684155535,0.014971764878241301,0.9658733311644593
images26.jpg,bad,0.4508,137.42835855491904,7.777774098480083,0.26607742749021357,0.11080654995993154,0.9802481240567343
bald-tire-3.png,bad,0.6871,69.8230592184527,5.8006289935272655,0.19492408800381872,0.017883737422594515,0.9812089611766411
image22.jpeg,bad,0.4879,158.15090269480947,8.605303332005839,0.14343461134726798,0.014737258017561122,0.9677418681702986
images334.jpg,bad,0.4749,308.89920371599203,13.488785666887857,0.09491514193035247,0.01112561250232961,0.9593126701192206
images136.jpg,bad,0.4388,208.83867649011017,9.03919421213328,0.17159238013680084,0.015150724527743482,0.9671071835839248
0kTHWraMPulZfu5p3.jpeg,bad,0.6373,41.560903196160524,3.823841008883897,0.34410363717847603,0.0204267403108284,0.9930997766662237
NO33QEYPJRK4K1CVO6WK.jpg,bad,0.5817,50.366731159019714,4.206869093685015,0.31519376995176696,0.02617255573201709,0.9894383221449887
3w2x8lzc7dc21.jpg,bad,0.5308,10.778130921683534,1.6935440039354723,0.4945804008671193,0.030095476412174287,0.9983318820433209
bald-tire-2.jpg,bad,0.4078,170.68054626532887,7.581939799331104,0.31959638971758464,0.17473988229659637,0.9842781244727721
images19.jpg,bad,0.3429,166.6264780124884,8.171715158761792,0.23148075475976596,0.016624044539226123,0.9753164260239823
9pd1vft7zwd11.jpg,bad,0.6531,46.810586386278985,3.7994097067856645,0.3678523921658967,0.028910635644607233,0.9931639532937335
images120.jpg,bad,0.4471,151.8554292929293,8.618786549707604,0.15514178147861557,0.014100764274887266,0.9718017570633702
SN9TKVGEU665IZ29NW2D.jpg,bad,0.6754,101.28120605251446,6.652207387627948,0.21432408489959298,0.017241443519821164,0.9745954806713454
images450.jpg,bad,0.4848,286.30396666666667,12.614166666666668,0.10098190294645246,0.012912354118784417,0.915327071632864
images337.jpg,bad,0.433,145.8767209843698,7.368905886265381,0.24578850915778705,0.018783589574397696,0.9700788874232865
images121.jpg,bad,0.43,81.77489564698868,6.310508182601207,0.2066071335586584,0.01800962919111959,0.9791750161105716
very-bald-tyretire-from-vintage-car-tread-is-nearly-worn-off-mot-test-EXKB1J.jpg,bad,0.6711,45.726093902924944,4.309314083891358,0.2610085841250494,0.021801329373167446,0.9846466708764614
How-Long-Can-You-Drive-on-Bald-Tires.png,bad,0.5412,83.93660267111852,4.942209237618253,0.34215630699533445,0.03319544975738329,0.9918267102148174
images257.jpg,bad,0.453,284.73541687535476,12.820828742195065,0.08980092904191642,0.011949223474556419,0.9125794989495587
images34.jpg,bad,0.4375,257.81678781240663,11.076969033157422,0.1346338302369199,0.013975672410141863,0.9459040122454716
cm_balding_tyres_tread_bald_630px.jpg,bad,0.4537,52.850659081872955,4.053720524818791,0.38329244174461036,0.026316037969056526,0.9903621964101555
images327.jpg,bad,0.4664,290.26828702937183,10.91599059571509,0.19274509294435782,0.016420662540749774,0.9511407012760318
images332.jpg,bad,0.4288,138.25719496021222,7.437897877984087,0.2175598647282893,0.020262459642255513,0.9527718593025684
knowledge_700px-short_bald.jpg,bad,0.6049,114.36432999523129,6.523904898153825,0.25204228268807416,0.03304010954579833,0.974633743229203
images130.jpg,bad,0.3966,306.7715277777778,11.861607142857142,0.13224794947400714,0.012407185301652565,0.951929936936211
worn-car-tire-irregular-used-bald-low-thread-1511340.jpg,bad,0.7175,112.88490028490028,6.797812180831049,0.2498892782927023,0.07513832546938115,0.9800766411981495
maxresdefault3.jpg,bad,0.6763,164.59343148148147,6.913235185185185,0.32675799829060714,0.020697769680646426,0.9805394088059985
images278.jpg,bad,0.3766,142.8136726546906,7.579940119760479,0.21928017794308577,0.015706052042903623,0.9811808567790103
bald-tire-on-norm-wylie-s-rental-car.jpg,bad,0.5713,12.006060074096016,2.1709365136836256,0.43034605314275487,0.03280904717997693,0.9969837510743993
images126.jpg,bad,0.4248,219.93327342918,8.66663338658147,0.2136145731454377,0.039454695470470064,0.9729836007762306
images318.jpg,bad,0.4074,163.40148496921404,8.920862006519377,0.19734093924040186,0.0604901133904002,0.9737039600408178
1666881312128.jpg,bad,0.704,139.82725290525437,7.139938063374441,0.25106586836667155,0.020505551182124288,0.9703478903559677
images324.jpg,bad,0.4297,229.28421017669723,10.906569682476418,0.11841032561890796,0.012661067585847426,0.957108201925326
AdobeStock_227945483-1024x1024.jpeg,bad,0.6321,54.205008384394695,4.477953412965215,0.28203760434794584,0.02359512684275336,0.9847087093276858
Bald-Tires-Worn-on-Edges-1.jpg,bad,0.5892,76.69451845133497,4.902337358048485,0.32507915192509307,0.02401365402992592,0.9892781629275113
images127.jpg,bad,0.3622,176.7567460448525,8.52838788519338,0.177304640070571,0.015108665940174161,0.9706568924438809
image23.jpeg,bad,0.4879,158.15090269480947,8.605303332005839,0.14343461134726798,0.014737258017561122,0.9677418681702986
images279.jpg,bad,0.3731,187.104889066029,8.423010495549356,0.21648024639990035,0.01955890276234587,0.9706883236312904
bald-tires-hero.jpg,bad,0.564,25.411477333898112,2.6902602387949064,0.4555893341877272,0.02745848111076753,0.9962820570116139
afaf5be5938ca88bd0691bb68a6b91e19992e94c.jpeg,bad,0.6713,28.80149501227973,2.98891038249793,0.3750192319922165,0.02758991295409797,0.9948995619883533
image28.jpeg,bad,0.4932,168.69645823642767,8.780051830686425,0.1417064531772954,0.014139835857571477,0.9698529882586588
images356.jpg,bad,0.4682,202.28643332560682,9.419848339348984,0.17352398445710923,0.0146816135833968,0.9564607954792663
images418.jpg,bad,0.364,168.88798708197,8.966005184209408,0.12650620022572542,0.014086970321948099,0.9615149151438339
images425.jpg,bad,0.4427,166.01065250784745,7.353536365457824,0.30149877528820557,0.0385873462851216,0.9738783410602799
Bald20Tire20Graham20Auto20Repair.jpg,bad,0.6041,34.34422508904526,2.9825275823125708,0.448286609772487,0.0324872555639321,0.9932111360181868
images7.jpg,bad,0.373,114.73030303030302,6.904595404595405,0.22436352047473485,0.0170622299749796,0.9812781527419759
images169.jpg,bad,0.3847,428.18859781190406,11.839238515841949,0.26090762469636974,0.06272112052045499,0.9454695654001808
images85.jpg,bad,0.3316,119.26097883597888,6.606216931216933,0.21750935197277477,0.016848910056743174,0.9829525658861247
images235.jpg,bad,0.3765,169.979614873838,9.11905710491368,0.14205523193747663,0.014556890183119833,0.9632497341443786
image24.jpeg,bad,0.4968,269.98466176373154,10.5473729543497,0.1626149470851616,0.018048191763945946,0.9230494186485473
images180.jpg,bad,0.4094,105.3915238474824,7.587684336389,0.15266960314907407,0.014793050208681496,0.9732793994293979
images341.jpg,bad,0.4509,77.47540820390283,6.004878534448427,0.192637433791119,0.019736448400040574,0.9776088169890976
images354.jpg,bad,0.4398,85.29924468296561,5.992413701716027,0.2384754943768611,0.020613619489710765,0.9828467182009406
images397.jpg,bad,0.4016,112.06351418616227,5.621901443504232,0.4444279888481983,0.15431928840096634,0.9546812838962803
images4.jpg,bad,0.4472,281.9102120210076,11.58918498346625,0.12294403095392267,0.014541140459721798,0.9461474884070967
images181.jpg,bad,0.3486,221.8181938647055,10.007486914463659,0.14539913908564642,0.013807417838328562,0.9751954213315247
images195.jpg,bad,0.3912,228.850398142004,10.99479097544791,0.11252295021260665,0.011359530690702724,0.9640325351247783
images57.jpg,bad,0.4084,150.1242960312728,7.044656463261115,0.2983748095766187,0.025946707009468408,0.9805764030885992
images393.jpg,bad,0.4326,131.25371287128712,8.619077086280058,0.12331180552459867,0.014327928548904889,0.9656856720776734
images153.jpg,bad,0.4175,78.64183808891838,6.055441274054413,0.19247455295435523,0.02083138241808791,0.968983716706875
AdobeStock_150196880.jpeg,bad,0.6755,54.086529759977424,3.7523184471178195,0.41057820494454644,0.038795160814293815,0.9936378709540584
images184.jpg,bad,0.4296,176.17795934635313,9.54125149461937,0.13571371601116347,0.01372602741141689,0.9681168432424782
image25.jpeg,bad,0.4968,269.98466176373154,10.5473729543497,0.1626149470851616,0.018048191763945946,0.9230494186485473
images190.jpg,bad,0.3929,192.44812479256555,8.669897112512444,0.19709474963908494,0.015477205794839067,0.9732818976587686
bald-tires-300x200.jpg,bad,0.4208,99.59933110367894,6.893311036789298,0.16787673899940023,0.015007630130765491,0.9798967655202644
ghows-LK-6ba044f3-dfb4-200b-e053-0100007f6ed2-bc18eb14.jpeg,bad,0.5716,174.7296523861628,6.568112953455097,0.3237679549066274,0.06778239951384103,0.9715397284956515
Bald_tyre.jpg,bad,0.645,114.27683530461309,6.276346081901638,0.32043765102387145,0.020176598800040305,0.9836430833665912
bald-tires.jpg,bad,0.6856,90.40082854502843,6.098696234831936,0.2260536348909996,0.014721961745801832,0.9862303893782093
bald-tire2.jpg,bad,0.6956,42.92206427067405,3.46046318268393,0.4719621453319888,0.24061668150578688,0.9956074558099928
5375872625_deb2cec554_w.jpg,bad,0.499,34.40285024709804,4.23188139294334,0.2434229919073487,0.026514221170524262,0.977869299907021
bald-tire-not-safe-for-road.jpg,bad,0.5479,17.352828289144572,2.0307635067533765,0.5443301999792944,0.03298758950810672,0.9980614522026647
bald-tire.jpg,bad,0.4019,98.24177814938685,6.463963210702341,0.21126342083437422,0.019250349523296042,0.9846069185610558
images186.jpg,bad,0.3893,161.30199743448782,8.33516584203775,0.18235636605829567,0.015736417094044337,0.974670821416054
images179.jpg,bad,0.368,202.23630845173773,8.957207657928091,0.17651869514689533,0.014954875373721614,0.9781267129875303
Tire-Wear.jpg,bad,0.5943,246.05895691609976,9.420053597196453,0.21516934805155946,0.018277824636841866,0.9597629354852854
image29.jpeg,bad,0.4932,168.69645823642767,8.780051830686425,0.1417064531772954,0.014139835857571477,0.9698529882586588
images2.jpg,bad,0.4225,109.12804232804234,7.389285714285715,0.15822046657186617,0.017626871167669367,0.960313344004189
baldtyre.jpg,bad,0.7617,124.80860247913364,6.837277409579107,0.20695782482811245,0.015217502590847278,0.980156972140111
images149.jpg,bad,0.4079,154.20892151326936,8.973394891553461,0.13173002126290895,0.013548225759247197,0.9649713349413481
images411.jpg,bad,0.3844,110.57917995746942,7.599913609782031,0.15179109864391688,0.015193827790091626,0.9693504456438252
images438.jpg,bad,0.42,131.9545635711439,8.332336920419822,0.13674576750581563,0.013984730081350597,0.9672417183448193
bald_tire.preview.jpg,bad,0.5553,63.57570422535211,4.508063814988698,0.3348014130199299,0.041379408245062275,0.9907968122233922
iStock-950135282.jpg,bad,0.6993,70.96661346992472,4.908014232517544,0.3220545700928806,0.026345246322055885,0.9872845712750097
images71.jpg,bad,0.3882,133.98577586206898,7.4965185676392565,0.22049974386248042,0.02374925497387056,0.97800801753757
images67.jpg,bad,0.3982,194.7581287325813,9.462309223623091,0.1711587129385632,0.01313254751263259,0.9717524663631539
Photo-showing-the-bald-front-right-tire-of-a-beige-colored-car.jpg,bad,0.5673,23.157412412412413,2.5697647647647646,0.47163142977441924,0.05221439792800082,0.9963964951408166
524c6e310b26e.image.jpg,bad,0.4719,107.66985836824256,4.978525399179524,0.4357436438696306,0.16370051175444314,0.9897898506103487
balding-tires.jpg,bad,0.6901,116.6452324059851,6.817040735051487,0.1999255828996651,0.017047877448243612,0.973301079357904
081510web_a1ROADTIRES052_t600.jpg,bad,0.459,189.8563855914859,9.097769136307818,0.19755924012577356,0.01523055604318062,0.9749204841290167
images76.jpg,bad,0.3661,199.41423176306895,8.211621281388723,0.2207326457362682,0.016331150491767733,0.9750215419107509
images62.jpg,bad,0.4131,200.48115020208047,9.395083813688466,0.16446944225749427,0.013719007576739875,0.9607954519036684
4331fb6a03281e84b3d56a3c7ce1330319be5600.jpeg,bad,0.6582,52.363191006600665,3.9205518824908814,0.3199690881088263,0.021377051171379266,0.9906338425789292
images417.jpg,bad,0.3874,172.0587883618972,9.089610734688456,0.13418821045342888,0.013204820925367249,0.9624787754956518
Treading-too-lightly-OPP-charge-driver-for-dangerously-bald-tires.jpg,bad,0.6107,20.149478877153975,2.8580067630164905,0.3646111378774436,0.024448805676239325,0.9959041493734068
cl1yt9ksg2ea1.jpg,bad,0.7269,103.90555882918844,6.96395732483371,0.19081543579041485,0.013263667178599428,0.9836177493663928
bald-black-tires-worn-tread-dirty-tyres-show-wear-miles-driving-need-replacement-116849212.jpg,bad,0.666,85.27976700736345,5.5048137157929435,0.26741026833169207,0.021163056169357115,0.9851412973868134
stock-photo-bald-tyre-with-no-tread-left-1415399372.jpg,bad,0.7014,109.06010805901542,7.030120292111507,0.19470589034357372,0.0162624058807829,0.9814867317417241
images63.jpg,bad,0.382,328.2986441798942,11.871527777777779,0.19781736862932775,0.06180347213402698,0.9377364713849901
26.jpg,bad,0.658,123.26940678947979,6.714694849959448,0.24825741271334753,0.016943988092123066,0.9819278260138795
everything-you-need-to-know-about-bald-tires-e1637025334553.jpg,bad,0.477,71.05504326854873,4.89319209974622,0.27942547817449404,0.02112978785496543,0.9815069629215594
images401.jpg,bad,0.371,118.94123677248677,7.429728835978836,0.17385020887139996,0.021067669853781723,0.9720442214174975
images171.jpg,bad,0.3837,139.19303839511093,7.475023249634649,0.18726636499743637,0.017488631547604057,0.9757755014860642
images165.jpg,bad,0.4045,116.10381971979909,5.380980703145651,0.4960266830545418,0.20396742529111528,0.9833394607943997
images159.jpg,bad,0.4698,218.81809390422836,9.569461117780445,0.20333433481967922,0.04254266945679506,0.9534366212526367
webimage-Content_News_tyre_damage_wear_onesided_image_article.png,bad,0.6539,95.34884936319719,5.9432630654369785,0.24704123128924632,0.020265872625953602,0.9804915961785765
bald-tires-suck.jpg,bad,0.5654,25.93978006363328,2.804001129689204,0.41753922625273465,0.03621779991580145,0.994443623729867
images60.jpg,bad,0.3794,133.70683477106834,7.453151957531519,0.20270322706155186,0.016183049491895297,0.9739452372441932
images260.jpg,bad,0.3725,126.72890472890474,7.180873180873181,0.18988306567141033,0.01808931658317753,0.9756873454682096
images13.jpg,bad,0.3902,147.56058394160584,8.185202388852023,0.20150717339200427,0.021346362286687674,0.9773477849699288
Rear-Tires-are-Bald-1.jpg,bad,0.5986,51.119100175359364,4.284487163991747,0.32255112106686734,0.019710519127404864,0.9909411852279213
images328.jpg,bad,0.4817,430.12525272612777,11.684564648172085,0.33296380488334715,0.12244326830109237,0.9479104078315489
images329.jpg,bad,0.3658,120.58776780688103,6.314447498261532,0.2852116076491201,0.03502703416136208,0.9842452973673292
Bald20tyre.png,bad,0.6513,108.06159542857142,6.200557714285715,0.26539334857758656,0.020628966644413545,0.971998030511436
images315.jpg,bad,0.4471,255.33094812164586,10.276419532233486,0.17230305984456637,0.015939910383491206,0.9337794156859922
images249.jpg,bad,0.445,225.54268533123027,9.51738301787592,0.16309738110899807,0.012929664145148173,0.9685962496136267
Checking-Tire-Tread-with-Penny-11416489_xl-2015.jpg,bad,0.4913,17.64300925925926,2.5796064814814814,0.3997599996635065,0.025419022189623088,0.9981281078126598
Flat-tire-on-the-side-of-the-road_97025114.jpg,bad,0.5961,89.56990528128588,6.177195752009185,0.2328938447439613,0.015451823697048839,0.987208572039243
close-up-of-an-old-worn-out-and-almost-bald-tyre-2GDFYCA.jpg,bad,0.7013,83.26407938693663,6.432957336870422,0.1837829158887876,0.015503039416963698,0.9815600792778755
images262.jpg,bad,0.4052,105.75915726609159,7.225049767750498,0.15723906035320198,0.014547173913559482,0.9789754734659447
images289.jpg,bad,0.3569,87.89594127806564,6.199581506576325,0.18519765937058255,0.016559517949656315,0.9836833838336688
images299.jpg,bad,0.4025,83.07853351028535,6.024983410749835,0.19771997142065117,0.018735823050507264,0.9809591444437813
_450x337_BMW_bald_tyres.jpg,bad,0.5672,136.65962865774327,7.7306996846677976,0.1915058571419369,0.018369106992387186,0.9602603289405097
TIRES_POWHATAN_23139.jpg,bad,0.6727,141.70245698644422,6.8277647433669335,0.2576098137466392,0.029726622622475492,0.9837768894485217
images312.jpg,bad,0.5232,356.51104844061047,14.201758460517583,0.08292133306621202,0.010590076290384411,0.9232511384823328
images313.jpg,bad,0.3439,228.98048715736377,10.311409039623017,0.13722727103998972,0.012395314741999383,0.9733949434227613
bald-tire-car-accident-attorney-syracuse-ny.jpg,bad,0.6149,92.72564061796115,6.103572091051223,0.21897061206127286,0.0195316767504959,0.976734787501163
images28.jpg,bad,0.4013,181.06629467251224,9.28796333200478,0.1466522230646627,0.014852941156823262,0.9542932018232555
images107.jpg,bad,0.3755,103.95157433240337,7.219476551082769,0.1558572602572566,0.014930150224939478,0.9776602422267654
Unevenly_worn_worn_and_bald_tires_side_by_side.jpg,bad,0.7549,143.34908873370415,6.9631347323655035,0.21259908289313234,0.015338875030321322,0.9783795229036927
images311.jpg,bad,0.4123,99.34057393383821,7.551149196226919,0.13798375227278772,0.01516851174173156,0.9683763525216297
images477.jpg,bad,0.4514,111.89654144305305,7.59540846750149,0.15536578326234501,0.018574481809643627,0.9409621583996076
images462.jpg,bad,0.3416,205.8598688133572,8.842642284502752,0.19955763157143586,0.014433558754105631,0.9702778337199423
images106.jpg,bad,0.4481,274.4719164456234,12.101094164456235,0.10693772721625325,0.012400131555732363,0.9621007557623911
Why-Is-it-Unsafe-to-Drive-on-Bald-Tires_-01-1024x649.png,bad,0.6376,21.089272376369156,3.2148758051983863,0.297479551972229,0.031028003371423897,0.9876666801353241
