filename,folder_label,tsci,contrast,dissimilarity,homogeneity,energy,correlation,edge_density,binary_pred,predicted_label
images527.jpg,good,0.4046,140.77151810120677,7.387359157277151,0.2424783822024346,0.0196992968267963,0.971528569041024,0.1465918150411905,0,Warning
AdobeStock_179232317.jpeg,good,0.4786,34.1897024757024,3.404479041296218,0.3451642005800652,0.0218464773704698,0.9954793590835994,0.0550258397932816,1,Safe
image22.jpeg,good,0.4108,266.87856668878567,10.15335102853351,0.2840793471552886,0.1232776837415605,0.9711191645673148,0.1873388429752066,1,Safe
images876.jpg,good,0.3246,118.62688492063496,6.975165343915345,0.2228724292278922,0.0240542837211943,0.9758238689575104,0.1598024691358024,1,Safe
images137.jpg,good,0.527,365.6492099499374,13.307767521902376,0.2000490473857573,0.1066437922415518,0.958582164384992,0.2439538149477297,1,Safe
images453.jpg,good,0.445,225.54268533123027,9.51738301787592,0.163097381108998,0.0129296641451481,0.9685962496136268,0.1743645178197065,1,Safe
images320.jpg,good,0.3686,411.86076285240466,13.885771144278609,0.2016647473347674,0.1099360153272885,0.9569197004280484,0.2017491749174917,1,Safe
photo_111.normal.jpg,good,0.5505,60.236360265146246,3.4943865016455753,0.5729124736769362,0.2356634262141226,0.994164085529556,0.0458518518518518,1,Safe
are-my-summer-tires-worn-out-hero.jpg,good,0.5635,67.32114613342371,4.797329548664068,0.3118257235707475,0.0198410705443235,0.9922816876463588,0.0606910121868652,0,Warning
images491.jpg,good,0.4294,222.27453127592503,8.811979425916709,0.3177438243110836,0.1379162212812074,0.9688506576964112,0.1732804232804232,1,Safe
images485.jpg,good,0.3503,232.296003996004,9.358741258741258,0.288419455621978,0.0759754873519649,0.980088744874661,0.1523431031627753,1,Safe
images122.jpg,good,0.3737,169.5985784509101,8.683804968779064,0.1509711127259808,0.0142099412551485,0.9713149848922724,0.1707309014010045,0,Dangerous
images693.jpg,good,0.3677,179.0187345823055,8.429095273018202,0.1853517041301664,0.0169533670483622,0.9745179484080484,0.173232792984321,1,Safe
images687.jpg,good,0.3842,76.25806237777999,4.838752444400252,0.3397359394978181,0.0279221542316092,0.9917333159099668,0.0908730682868841,1,Safe
images903.jpg,good,0.382,30.401628447989367,2.031339315387172,0.7091136547408208,0.0873653697776694,0.991455070931744,0.149139326659398,1,Safe
images283.jpg,good,0.3009,156.06991497276474,8.091703201806828,0.2039427209290022,0.0176907181887978,0.982209069299426,0.1485593444356331,1,Safe
images297.jpg,good,0.3759,133.43337757133378,7.620371599203716,0.2098184903457753,0.0233562503342349,0.979033211223687,0.2147438016528925,1,Safe
AcQzfTrKlpEzAAAAAElFTkSuQmCC.jpg,good,0.5168,128.82762684373256,6.868708500177403,0.2599111059781525,0.0240251651942636,0.983566236747206,0.1736728320922411,1,Safe
images31.jpg,good,0.371,236.48027102431251,10.978278198485455,0.1081802652120716,0.0127842145495036,0.95331823024239,0.2127279936558287,1,Safe
images242.jpg,good,0.3556,107.2066137566138,4.8572751322751335,0.544576078475181,0.0931760980415509,0.9840035748507004,0.0934320987654321,1,Safe
images25.jpg,good,0.5625,170.0699111243268,7.199986784286517,0.4190568531143333,0.2550378389833068,0.9861346251477298,0.1172338741590819,1,Safe
images691.jpg,good,0.4985,197.4266039749233,8.629418434040284,0.318565214415078,0.0811532971133562,0.978040619505774,0.1564578345304602,1,Safe
images685.jpg,good,0.4167,151.30750661375663,8.470601851851852,0.1616394885882584,0.0170915870130258,0.9622955412230032,0.2085267489711934,1,Safe
images861.jpg,good,0.416,125.86663568773233,8.249468932554434,0.1281875453069881,0.0139263079373048,0.9732484996916616,0.3033068783068783,1,Safe
images120.jpg,good,0.3965,146.71245549232972,7.7246680642907055,0.3217977086088711,0.2051165139047728,0.98725669958456,0.1681547619047619,1,Safe
TrailerTires_header_image_3.jpg,good,0.6114,24.30428035350004,2.697642893321164,0.4457937770695341,0.0329171169140449,0.9969988157717052,0.0331752247752247,0,Warning
images336.jpg,good,0.451,201.8424325043224,8.000764729352309,0.3268192348666845,0.0260144958066137,0.9600124805725984,0.1976539978130488,1,Safe
tire-care-tips-miami.jpg,good,0.6776,129.69824722681864,6.1571796286082,0.3483368848378175,0.0381509784471526,0.9792995349018426,0.1088938775510204,0,Warning
images323.jpg,good,0.3115,161.25998125585755,8.42933458294283,0.2010479603394439,0.0156352160716505,0.98056811198023,0.159537248682185,1,Safe
images121.jpg,good,0.2747,79.41177248677249,3.858994708994709,0.6250862054613437,0.4755472839877703,0.9887198351022792,0.0302222222222222,1,Safe
images690.jpg,good,0.426,207.85279659891057,7.964195562641159,0.2194577375015896,0.020341756003796,0.950394278147494,0.1202088289717155,0,Warning
How-to-Check-Your-Cars-Tire-Tread-Step-by-Step.jpg,good,0.6,50.620943900825026,4.612611448507559,0.2708756677175174,0.0195936759655412,0.9907380523664135,0.0709976525821596,0,Warning
how-to-check-your-ti-hero.jpg,good,0.5116,27.813709401709406,2.8241538461538465,0.4236332022928067,0.0289413920057825,0.9957306062963152,0.0264407069068556,0,Warning
images531.jpg,good,0.4325,290.1470627062706,10.980462046204622,0.1875198810037459,0.0183803643511318,0.9548119970496928,0.1308509588500378,1,Safe
images30.jpg,good,0.3667,151.93963829434216,8.08020574083292,0.1669302867430795,0.013788064020334,0.9790701658407508,0.1854497354497354,0,Dangerous
images290.jpg,good,0.3522,313.9370204285002,11.18870619498422,0.2406733304840416,0.0805929380261979,0.9616706802191676,0.1815145502645502,1,Safe
images521.jpg,good,0.4187,208.76974553139033,8.350796865369375,0.2652289591429985,0.0370463213028435,0.9635232022989754,0.1734953500614142,1,Safe
images247.jpg,good,0.3379,100.28558677685952,4.7460826446281,0.5558933685821946,0.3740842404051161,0.98886106577093,0.0680171277997365,1,Safe
images131.jpg,good,0.4269,208.0535500995355,8.562707365627073,0.2003289404025829,0.0161778959603888,0.9584003625828162,0.1484628099173553,1,Safe
images326.jpg,good,0.3339,247.05251322751323,10.317526455026456,0.1822669476898431,0.0144229185545446,0.972591661903164,0.1616460905349794,1,Safe
images440.jpg,good,0.3789,208.71018304228903,9.133845290693596,0.1673543374309722,0.0180302864477075,0.9641840826068376,0.1685071288789488,1,Safe
images454.jpg,good,0.3538,220.5051587301587,10.140145502645504,0.2084272129530321,0.0831852386206364,0.9667637313800832,0.177514403292181,1,Safe
images332.jpg,good,0.3329,356.4265979245158,11.008658867076472,0.3501355609338517,0.1793755104779891,0.9718065208100256,0.1509825219709687,1,Safe
images483.jpg,good,0.4624,355.3392584224866,13.810186723370323,0.10759186218559,0.0122622916465758,0.94987928455532,0.2166628034040862,1,Safe
images859.jpg,good,0.445,272.7503156355905,10.622400159479035,0.1851514022989487,0.013815864612444,0.9558323275350809,0.1792112321600052,1,Safe
images736.jpg,good,0.3117,154.97829710396556,6.946280991735538,0.3863717478940278,0.0951788114564423,0.9897908836433976,0.1249092229484386,1,Safe
images905.jpg,good,0.4421,241.61576549811844,10.013732092163464,0.2314721512014695,0.0259720507538397,0.9493019408872694,0.1510216168196624,1,Safe
images252.jpg,good,0.4031,143.9147602214367,7.589941972920696,0.2138592793611826,0.0188510369325052,0.9789836243813774,0.1974734042553191,1,Safe
maxresdefault3.jpg,good,0.6007,54.20995704773795,4.044568545270792,0.3913608893796632,0.0402591148875498,0.993446560894664,0.0785273545397843,0,Warning
images35.jpg,good,0.4422,253.43255890591527,9.714582303509635,0.2538545300046402,0.0670159467267162,0.9715215128735586,0.1636781609195402,1,Safe
Using-tire-tread-depth-gauge_73454341.jpg,good,0.4831,62.422110792741165,4.266762177650429,0.3695691697148437,0.0362067298907864,0.9936331021462468,0.0464890319504053,1,Safe
images291.jpg,good,0.4322,385.0784671532847,13.43679495686795,0.1401138770039509,0.0199471230057157,0.9514404942495648,0.1898842975206611,1,Safe
images287.jpg,good,0.4524,355.2323232323232,13.15258545722122,0.1867298542282921,0.0832972959565043,0.9524250875054546,0.215477139819245,1,Safe
images536.jpg,good,0.4716,120.4387666954615,6.110372782244667,0.2602071906228352,0.0214434484571728,0.9685272500011464,0.1389449981787476,0,Warning
images244.jpg,good,0.4197,211.30204620462047,9.33023102310231,0.1873517429371562,0.0154603642480475,0.9712447455820172,0.164238018486234,1,Safe
images37.jpg,good,0.4999,340.3039372706039,12.920887554220888,0.1209005071172973,0.0117044134427671,0.952857554498016,0.2334664005322688,1,Safe
images522.jpg,good,0.3029,231.40500829187397,9.741990049751244,0.1983742393163217,0.0244984451155463,0.9701096178013944,0.1819471947194719,1,Safe
images907.jpg,good,0.4523,379.4808276604746,12.475712472597207,0.1935169897223422,0.0408885782286886,0.9631714946878984,0.1574265777164328,1,Safe
fleet.care_211122_0302.jpg,good,0.6529,155.2314588427058,5.929731051344744,0.5411322496320911,0.0536537791480076,0.9759192528450322,0.1051159951159951,1,Safe
images683.jpg,good,0.3796,298.62074694311536,11.15742955874535,0.170704289881039,0.0151290009716052,0.968403531287256,0.2013909587680079,1,Safe
images654.jpg,good,0.3777,103.89553571428571,5.258498677248678,0.4050311801999601,0.0865310316413762,0.9827797991258422,0.0954074074074074,1,Safe
images481.jpg,good,0.3278,221.78029100529105,8.615343915343916,0.352302524507125,0.1757690854284485,0.976857479322143,0.1376131687242798,1,Safe
1666881312128.jpg,good,0.704,139.82725290525437,7.139938063374441,0.2510658683666715,0.0205055511821242,0.9703478903559676,0.1060276134122288,0,Warning
images331.jpg,good,0.3894,161.21654670691123,8.377292779196656,0.1609444704821648,0.0142399369594354,0.9713882550113092,0.2150231124807396,1,Safe
21080-tyre-tread-depth-320x550-mobile-1-.jpg,good,0.4668,45.053757944797546,2.308302591226277,0.7438773134235942,0.0927306767511428,0.9878634550305406,0.0925864398520388,1,Safe
checking-tire-tread-with-ruler_18977381.jpg,good,0.4468,19.841641206423816,2.148159028593811,0.4915381132766841,0.0314719943324875,0.9980012632662092,0.023008607198748,1,Safe
images735.jpg,good,0.4225,233.43196581196585,9.980273504273503,0.2222191540176334,0.0293202907668701,0.9668158545949826,0.2058092416658153,1,Safe
images912.jpg,good,0.4234,425.3343915343915,13.41626984126984,0.3147856146747664,0.2572014629261546,0.9585375899429806,0.1759341563786008,1,Safe
images92.jpg,good,0.4027,79.94307170542633,5.501764950166112,0.3198016619812278,0.0281407662537838,0.9765261101770458,0.1242760617760617,1,Safe
images79.jpg,good,0.3853,203.62495867768595,9.889685950413224,0.1542355876513217,0.0134716118130385,0.9662791527499054,0.1878458498023715,1,Safe
images578.jpg,good,0.4274,169.51227011012355,9.184582704455252,0.147701757669871,0.018250390736756,0.9196934172698684,0.226554677939704,1,Safe
tire-tread-wear-caus-hero.jpg,good,0.5931,29.310745770788657,2.706501116317652,0.5189564779519432,0.0574269471427673,0.9967289986479708,0.0267336860670194,0,Warning
images752.jpg,good,0.3152,176.80178470349284,8.04541670828755,0.2869180224106829,0.0955755424165647,0.9814447530290418,0.1527142573076158,1,Safe
360_F_249894687_KCuriDLpyN5gKw0RDcTx06ROxfvq5BVG.jpg,good,0.4196,50.01850991325898,4.0412450089494705,0.3032538124182167,0.0207189748950767,0.9934732564734232,0.038428502714217,1,Safe
images197.jpg,good,0.3363,398.71183584456776,14.17496034892942,0.1413497556578159,0.0393655391933851,0.9464839622757432,0.2020052596975673,1,Safe
images801.jpg,good,0.2975,163.12649418972464,7.741151400126529,0.2842551328272147,0.0764978527131279,0.9835812623726962,0.156591767747067,1,Safe
images6.jpg,good,0.4165,274.65467271293375,11.492737907465829,0.1493777249244374,0.0121321381270357,0.9623719596787282,0.1821933962264151,1,Safe
maxresdefault.jpg,good,0.6078,48.86731540190553,3.93083023013956,0.3694882343014699,0.0275336970945447,0.9914986566019192,0.0482277526395173,0,Warning
images357.jpg,good,0.3607,118.34774386197746,6.655640345056404,0.2894715711891571,0.0537463799893295,0.98537777844417,0.1937851239669421,1,Safe
images828.jpg,good,0.3695,225.86821395224757,8.939108976924103,0.2433815340531393,0.0216039857427215,0.9650146530190348,0.164460369596231,1,Safe
images196.jpg,good,0.4202,177.76061712010616,8.263735899137359,0.2276790563081079,0.0239197774382208,0.9796354785852824,0.208793388429752,1,Safe
images747.jpg,good,0.3811,149.802767821585,7.821219965485199,0.1988988923882006,0.0164545978835094,0.9804683207271124,0.1713624338624338,0,Dangerous
images753.jpg,good,0.4468,249.73724151643688,9.854818398727463,0.2986481552272775,0.1039132465887891,0.9745948537529442,0.153429364345183,1,Safe
images579.jpg,good,0.5584,335.3528744831265,12.559890622915834,0.1747566214962838,0.0674520132487473,0.9391651227115037,0.2292660307366189,1,Safe
images586.jpg,good,0.311,215.2795267762461,9.374038971367977,0.2336907234771092,0.0386879237405842,0.9802776224195748,0.2,1,Safe
images592.jpg,good,0.3945,216.12294458229945,10.598312655086849,0.1165537797559503,0.0124961119191811,0.9519627369382384,0.2348584595128374,1,Safe
images553.jpg,good,0.3972,178.39701393497012,8.666423357664232,0.2266835607797961,0.0199466953053744,0.9713527747111308,0.1654214876033057,1,Safe
Tire-Tread-Penny-Trick-e1421947199871.jpg,good,0.4642,35.888745130773515,3.3941708402893713,0.365251629842678,0.030155962566204,0.9964195878056352,0.0457175925925925,1,Safe
images745.jpg,good,0.3816,275.8382936507937,10.57850529100529,0.2413229617161618,0.0959975865308107,0.9583869985913314,0.1605925925925926,1,Safe
images194.jpg,good,0.3725,171.5653199548143,7.775433583626819,0.2679502631469699,0.0425614473307496,0.9808093196972352,0.118745653829597,0,Dangerous
images180.jpg,good,0.4131,200.48115020208047,9.395083813688466,0.1644694422574942,0.0137190075767398,0.9607954519036684,0.1631191631191631,0,Warning
Tyre-tread-depth.png,good,0.4236,25.60533865720201,2.0024401064773736,0.5949752630156102,0.0764219431112084,0.9971657233769444,0.0315491571305524,1,Safe
images396.jpg,good,0.4934,248.17644913118448,9.577828624486006,0.3300218897630331,0.1886358503389322,0.972379274214512,0.1466269841269841,1,Safe
images433.jpg,good,0.3945,314.26308871851046,11.738079591091642,0.1317394305442322,0.0126354336344402,0.9458573189638912,0.2030545454545454,1,Safe
images341.jpg,good,0.4163,88.13683683683685,6.080980980980981,0.2213153626688845,0.0164065288930217,0.9834068215364016,0.2032211906425743,1,Safe
images427.jpg,good,0.353,199.51828703703703,9.446858465608466,0.1714243789117271,0.0152430590529044,0.9700242019815412,0.191275720164609,1,Safe
images340.jpg,good,0.3813,106.62485069674852,6.9760119442601205,0.2034721688574151,0.0193479451061353,0.9833206345313824,0.2068099173553719,1,Safe
images383.jpg,good,0.3015,177.6228174603175,8.716071428571428,0.2376709328233082,0.1079993041470967,0.9787551293445484,0.1342551440329218,1,Safe
images618.jpg,good,0.4662,203.11353682813535,9.53828798938288,0.1533888271311508,0.0149148707156786,0.9496251666236696,0.2391735537190082,1,Safe
benjamin-brunner-Ebd514pvJA0-unsplash.jpg,good,0.5661,55.065660455790294,3.2367896615805947,0.5926351687522073,0.2185680321619104,0.9902216810826816,0.099334716796875,1,Safe
images624.jpg,good,0.4773,252.7091785833057,10.204423012969738,0.1924944653418963,0.0150088780109981,0.958883133397332,0.1878874266582689,1,Safe
images142.jpg,good,0.3422,161.95547876935345,7.649079673067977,0.3238613523338754,0.0914555397171039,0.9798711516736548,0.162892187654974,1,Safe
images156.jpg,good,0.4097,248.31067382230177,10.76492413701716,0.1621627549022212,0.0155546703407462,0.9567169060552004,0.188001188001188,1,Safe
tire-wear-by-brand-comparison.png,good,0.5942,147.9363071747428,6.723803670397446,0.3046246343019583,0.0478752562540902,0.9705155490165912,0.1392225235696758,1,Safe
images744.jpg,good,0.3671,334.20534880618914,12.014138988928904,0.1794959117209945,0.0643293604650184,0.960177755718234,0.2023228803716608,1,Safe
images552.jpg,good,0.4554,176.47354233226838,7.767937965921194,0.3499295780933277,0.0525006872084183,0.9735409571262792,0.1562831740976645,1,Safe
images90.jpg,good,0.4369,344.36609157266093,13.205706702057068,0.0999132273533498,0.0103415847411315,0.9511274373438658,0.248793388429752,1,Safe
images57.jpg,good,0.3778,273.7255018882926,11.343934274166834,0.1251245737146381,0.0116313042179171,0.9594414508843072,0.195063195063195,1,Safe
images542.jpg,good,0.3777,111.7634920634921,5.013756613756614,0.5211942454716506,0.1021405877606321,0.9811906619852734,0.099358024691358,1,Safe
images556.jpg,good,0.3813,151.54560855325076,7.658698189210556,0.2283263234205219,0.0198928280164112,0.9857649585386866,0.1558280828082808,1,Safe
images230.jpg,good,0.3546,196.2824904080921,7.919323334495989,0.2964044147188714,0.0400613795010811,0.980379463047612,0.1680572938395216,1,Safe
images797.jpg,good,0.3828,423.2672242134609,13.60872162485066,0.2393277987152353,0.1525052515284516,0.958415972289102,0.1966395986003829,1,Safe
images740.jpg,good,0.3923,203.6141235813367,8.679166390124113,0.2189196940888582,0.0166907725472718,0.9676122004530504,0.2030671602326811,1,Safe
images608.jpg,good,0.3273,186.26599628302137,7.1766560467277305,0.3826554362044675,0.0492724089781757,0.9682792939780258,0.1009770911731696,1,Safe
images634.jpg,good,0.42,177.8621490674985,8.933696157164665,0.2031072152259773,0.0270283576257954,0.9654822055768656,0.1997950819672131,1,Safe
images393.jpg,good,0.4708,258.18326905173564,11.571419071685064,0.1156410235464629,0.0139612778531756,0.9300781544956942,0.2449385334172769,1,Safe
images351.jpg,good,0.4349,245.13292901173196,10.360078213031088,0.1890697193156938,0.0183791462108993,0.961954220452944,0.2104620058782735,1,Safe
images386.jpg,good,0.3706,117.26769098314514,6.4660088082386835,0.2732777709930264,0.06477868530651,0.9894718783113192,0.139009900990099,1,Safe
images392.jpg,good,0.456,234.0541473125415,11.041473125414733,0.1096328727457518,0.0124002175996796,0.951140341262354,0.304099173553719,1,Safe
sddefault.jpg,good,0.6308,209.61245736851552,8.108497127984204,0.323949340745849,0.0370704317828871,0.975831587524196,0.1253304211469534,1,Safe
images635.jpg,good,0.357,104.9802478955392,6.543845694969179,0.2108610075961604,0.0188197037573671,0.9811826650581846,0.131270433605231,0,Dangerous
Untitled-design-6-e1689318755768.jpg,good,0.5516,30.080720198739964,2.6703019258774696,0.4513646302263528,0.0514502017494171,0.9970184584581264,0.0180778032036613,0,Warning
images769.jpg,good,0.3583,457.4332210624604,14.892386700903725,0.1593908060898598,0.0402633858405981,0.9329744061297974,0.1913813694267516,1,Safe
ghows-LK-6ba044f3-dfb4-200b-e053-0100007f6ed2-bc18eb14.jpeg,good,0.5716,174.7296523861628,6.568112953455097,0.3237679549066274,0.067782399513841,0.9715397284956516,0.0948292150399932,0,Warning
images219.jpg,good,0.337,115.32328042328042,7.127645502645503,0.2025235975916708,0.0160959902511586,0.9806591803152508,0.1601316872427983,1,Safe
images569.jpg,good,0.4391,330.92214832058534,11.432424343199202,0.1550638142491973,0.0151491652571694,0.956684538746036,0.2144064706467331,1,Safe
images68.jpg,good,0.353,227.51554308991956,10.27416608233998,0.1621725830334562,0.0136181253748395,0.9683355773067024,0.1752238805970149,1,Safe
images40.jpg,good,0.4083,205.92592469949335,9.809364548494983,0.1553854735711784,0.0142600244865634,0.9618809726003196,0.1725412541254125,1,Safe
images623.jpg,good,0.4717,472.3098877001794,15.091667220413315,0.1243454190030436,0.0120584738109378,0.9400619579975796,0.2392463326600218,1,Safe
images390.jpg,good,0.361,347.00276041666666,12.809322916666668,0.1595171559552054,0.014306050675763,0.9502624050035984,0.2084888059701492,1,Safe
images347.jpg,good,0.3846,363.60059523809525,12.043915343915344,0.2478834382278702,0.0925195674100808,0.9566488865866856,0.1800823045267489,1,Safe
images352.jpg,good,0.3836,181.09368560983717,8.425157859754071,0.2608009030924368,0.0237969633333922,0.9801052172821904,0.1590487546369899,1,Safe
11_32-new-tire-tread.jpg,good,0.6108,133.18995953015497,5.880386931201263,0.278773858760555,0.0174203151691157,0.9839319136793137,0.0844933788675852,0,Warning
images178.jpg,good,0.4055,296.65844155844155,10.726240426240429,0.2278442082642738,0.0877465102843551,0.9695886720246468,0.1756097560975609,1,Safe
images756.jpg,good,0.3338,158.43097238895558,5.877417633720155,0.4763465386146059,0.2751711313700998,0.9849930561393244,0.1139975448724329,1,Safe
images540.jpg,good,0.4196,234.26647928796095,10.21006491333735,0.1621162080153398,0.0172577125214804,0.9569615091734028,0.2276243830865679,1,Safe
images232.jpg,good,0.3579,362.1750700280113,12.563492063492063,0.1761038376199735,0.0555950481175515,0.9585438256023908,0.1971461755433881,1,Safe
images554.jpg,good,0.4697,167.02535016768593,9.52163477345959,0.1276783312057081,0.0164090591836201,0.9446023461413784,0.2738738738738738,1,Safe
Tire-tread-seasonal.jpg,good,0.6524,113.3430811764145,6.716804105692995,0.2656335893740284,0.018761950106468,0.9853431069242664,0.1393095238095238,0,Warning
images571.jpg,good,0.3396,175.84585760837365,6.822257331885059,0.4389915621498238,0.2376659390201317,0.9846787256010956,0.1277537372147915,1,Safe
580901.jpg,good,0.7024,175.1903984184686,8.166271534692587,0.2417283344273463,0.0229602174501871,0.9706527171361048,0.1736340852130325,1,Safe
images773.jpg,good,0.3729,327.03117744610284,12.502421227197347,0.1383279098494502,0.0260924075399966,0.9513424970799184,0.2251815181518151,1,Safe
images834.jpg,good,0.469,199.6699868073879,8.847625329815305,0.1913265482475376,0.0185713547216867,0.9630470847508664,0.1619407894736842,0,Warning
images613.jpg,good,0.3189,148.276091954023,7.285402298850574,0.3079612429426259,0.1086724394756951,0.9837274312968174,0.1249499628295305,1,Safe
images377.jpg,good,0.3633,282.4459656084656,10.82473544973545,0.1583818037522646,0.0147654245675706,0.9539007472992378,0.1180576131687242,1,Safe
images376.jpg,good,0.4205,117.17453333333331,5.5534,0.4734710547168619,0.1033865561859954,0.977015772528328,0.1536212624584717,1,Safe
images410.jpg,good,0.3192,162.68705372038704,7.98948948948949,0.2685431428752048,0.1372026858194905,0.9853498556604422,0.1696395947517023,1,Safe
images404.jpg,good,0.3305,461.7054721388055,15.417784451117786,0.1120639723805567,0.0248364937002096,0.941307191461702,0.1896654719235364,1,Safe
images389.jpg,good,0.3979,304.0113297555158,12.520506194924804,0.1059287176040652,0.0137128065153064,0.936877846157433,0.2103422103422103,1,Safe
images612.jpg,good,0.3754,192.25385764061724,9.430562468889995,0.142790846307527,0.0173406987904096,0.9475912415399306,0.2689716663364375,1,Safe
images772.jpg,good,0.535,507.0901434399263,16.916238978813006,0.1022524565948918,0.0330197156055085,0.9113150347195524,0.2709030100334448,1,Safe
images941.jpg,good,0.4531,103.98912754355632,5.118932038834952,0.4759989956897728,0.0418985459087357,0.9718721362696204,0.1827761025878922,1,Safe
images564.jpg,good,0.4143,369.0185533036745,12.446531553797993,0.198252728610879,0.0609044418024949,0.9605658398882748,0.1867651888341543,1,Safe
images98.jpg,good,0.3954,152.91241436925648,8.16233918128655,0.1832877902968781,0.0155833750844976,0.9730733359355268,0.1877455877455877,0,Dangerous
images200.jpg,good,0.3923,475.07904875780525,15.643483459545635,0.0989950114679499,0.0164410311416574,0.9169306608280776,0.2332143801215966,1,Safe
images572.jpg,good,0.4281,301.4838539607223,11.392315803347833,0.1672327414536229,0.015312249152393,0.960777641652475,0.1979905437352246,1,Safe
images228.jpg,good,0.3629,183.98138686131392,8.710915726609159,0.2303261058836051,0.0506565025148407,0.9803516118120696,0.1902479338842975,1,Safe
images943.jpg,good,0.3675,297.36284305888626,11.07220889954703,0.2916055249366505,0.1012511235457069,0.9701271801627376,0.1755130457845705,1,Safe
images770.jpg,good,0.3001,204.80978928156628,9.39276588684254,0.184785485508329,0.0184808992061162,0.9653793787277616,0.1502542764678687,1,Safe
images348.jpg,good,0.4708,237.04179679712945,10.931689813276634,0.1369616985569394,0.0122885502232831,0.959072684018424,0.2375575350177158,1,Safe
images407.jpg,good,0.392,201.4725940725941,8.812987012987014,0.2246051540779646,0.0185914118719059,0.949874515794784,0.1676787788286046,1,Safe
images177.jpg,good,0.4098,167.83771897405578,7.977640623845074,0.3017959318892235,0.0335195972766643,0.976298868556519,0.1662797980914483,1,Safe
images611.jpg,good,0.4329,212.93840169731257,7.295968882602544,0.2695351172275172,0.0289802391464738,0.9585814625356924,0.1427715725309185,1,Safe
images765.jpg,good,0.3899,137.22461456671982,7.402644869750134,0.2798338960544582,0.0442730572565291,0.9861823124212854,0.1398423005565862,1,Safe
images942.jpg,good,0.3622,257.4717418670907,10.376730934870473,0.2728218810851768,0.1673779051787754,0.973216243102181,0.1932151932151932,1,Safe
images89.jpg,good,0.4795,249.87859986728597,8.607863304578633,0.3663004504288861,0.0316793005320354,0.9215241622943235,0.176099173553719,1,Safe
images946.jpg,good,0.4101,129.48731829573936,7.4854469507101085,0.1838799732366337,0.0141665088618228,0.9796436677850696,0.2148851148851149,1,Safe
images749.jpg,good,0.5104,544.886259083939,15.879658643909591,0.3431406975165095,0.3112344750976006,0.9428224445852006,0.2754783417486048,1,Safe
images826.jpg,good,0.2885,159.8906746031746,8.46111111111111,0.2194953101428278,0.0473096358046295,0.9762866901175744,0.1367242798353909,1,Safe
images403.jpg,good,0.4048,404.1713013406604,12.460656591974988,0.1693553104177842,0.0198107898724804,0.915504405036648,0.1714757190004714,1,Safe
images402.jpg,good,0.4176,196.33805755157456,9.00622537170105,0.2080859922403576,0.018963342859964,0.9690019464755256,0.1534983498349835,1,Safe
images416.jpg,good,0.3888,171.44933778399914,8.224399698503284,0.2277542621379743,0.0212380760081295,0.9769704640229078,0.2052052052052052,1,Safe
images628.jpg,good,0.3659,319.75512566137576,11.580654761904764,0.1833473891489485,0.0147046619710644,0.9395715754863282,0.1562798353909465,1,Safe
images760.jpg,good,0.4328,119.15620437956204,7.468480424684803,0.1865389781183066,0.020031806364647,0.9755437585360544,0.2457190082644628,1,Safe
Checking-tire-tread-depth-Tire-penny-test-793x595.jpg,good,0.5343,49.547541238717706,4.068882098293862,0.3359022126554524,0.029175215189924,0.994506477123146,0.0766440245707362,0,Warning
images49.jpg,good,0.4527,198.25893269929333,9.884056535235455,0.13280508925633,0.0124559889924455,0.966502266011326,0.1821263989466754,0,Warning
images560.jpg,good,0.391,252.4446654071791,10.931954525869212,0.1861667881596762,0.0334390716876631,0.9697510551636882,0.2201822744683661,1,Safe
images206.jpg,good,0.4518,199.85487407801185,9.213170310319622,0.2122353271972993,0.0175941232108456,0.972922743448411,0.2058677439650319,1,Safe
images762.jpg,good,0.37,563.487962962963,16.879166666666666,0.1551280390645875,0.0753477791719084,0.94327332878199,0.2056037884767166,1,Safe
images602.jpg,good,0.4041,339.87953042328047,12.741501322751322,0.1861777353860902,0.0504673401611823,0.9579044231418464,0.2143539094650206,1,Safe
images399.jpg,good,0.4106,330.58161375661376,11.153505291005292,0.307314792697869,0.2067651517273688,0.968533301341253,0.1470946502057613,1,Safe
images171.jpg,good,0.4058,307.9670978441128,9.222288557213933,0.4745574119896393,0.3154835220283518,0.9656893732667896,0.1332341269841269,1,Safe
images165.jpg,good,0.3843,122.23470407891227,7.210043988269795,0.2033640927987148,0.015301129414617,0.978711614069288,0.1663513558365694,0,Dangerous
image9.jpeg,good,0.4452,276.1746516824395,12.243986593059937,0.1061459174432725,0.012011294056542,0.952318835015152,0.2217963836477987,1,Safe
images74.jpg,good,0.3608,219.27738024249655,10.023818988935268,0.1432103152759025,0.0138004612890101,0.9496183244052112,0.2198792198792198,1,Safe
images60.jpg,good,0.4377,242.23322248087797,10.110176255404056,0.1625708785529811,0.0128202697799218,0.9668335438907742,0.1828819571054463,1,Safe
image11.jpeg,good,0.4712,230.41650105988344,8.383114732379438,0.4021926750898515,0.03444679212801,0.9507733715215488,0.2155872449990097,1,Safe
images506.jpg,good,0.3233,197.30747855917667,7.273173241852488,0.383348597963258,0.0795169542966316,0.9820700959893258,0.1158578263841421,1,Safe
images738.jpg,good,0.3195,265.85321345321347,11.194338994338992,0.1438784533138988,0.022278157812017,0.961854209725816,0.2052080572488736,1,Safe
images116.jpg,good,0.3063,197.73869463869465,9.0002331002331,0.1923731804269853,0.0186101906891909,0.9718753291523528,0.1661807580174927,1,Safe
images880.jpg,good,0.387,226.19107498341077,11.043563370935631,0.1149601521234692,0.0121249375709815,0.9736875671593684,0.2078677685950413,0,Dangerous
Goodpicture.JPG.jpg,good,0.5244,65.09089723526344,5.057261780559903,0.2514325129425205,0.0207176183957159,0.9887149533076668,0.0561848958333333,0,Warning
images466.jpg,good,0.3509,105.0990694582918,6.397906281156532,0.2021328917373664,0.0168344341009306,0.9762731457546788,0.1282881692002643,0,Dangerous
images498.jpg,good,0.3964,163.52534852147423,8.756183979601975,0.1421568040823109,0.0148216917148393,0.9669929118796092,0.1697359735973597,0,Dangerous
images881.jpg,good,0.4215,257.92880258899675,9.351826167360146,0.2744979971697642,0.0383889751742148,0.9728042572094348,0.1725148123765635,1,Safe
D8AAD8A7DB8CD8B1.jpg,good,0.6244,129.8395694407981,7.322527347510283,0.2186731710675397,0.0157627235313919,0.9837101879870496,0.107085408157556,0,Warning
Tire_tread.jpg,good,0.6763,51.792969833192586,3.88488143709066,0.4485521010980137,0.1958896512671604,0.995355617472429,0.1044668979807718,0,Warning
treadDepth_closeup.jpg,good,0.4816,114.48792922477132,6.991190583295847,0.2099713136299094,0.0191971990375979,0.97847662419046,0.1363823419378975,0,Warning
images854.jpg,good,0.4509,184.08235372032183,9.619093347461837,0.1403118066314979,0.0140713851688967,0.9661213885183682,0.2246204620462046,0,Warning
images840.jpg,good,0.4049,165.49070014614057,9.26125946592268,0.1415891684602629,0.0185731177013963,0.9574833603535694,0.2096219931271477,1,Safe
images115.jpg,good,0.3668,190.61872225305217,9.096455327413985,0.1778886284607761,0.0149211211404672,0.9758814799514623,0.2127652221991844,1,Safe
images459.jpg,good,0.4779,250.35925262179745,10.403258993760788,0.1930788473870052,0.0171094017348661,0.967798172021338,0.1536424717836692,1,Safe
images302.jpg,good,0.32,118.9457167090755,5.624720487315908,0.4067971522119107,0.1673980261469451,0.9891261970927808,0.0937896070975918,1,Safe
images114.jpg,good,0.4569,253.9678716193767,11.660010631935677,0.1245248619255967,0.0134636913250655,0.9369822804988188,0.2604059737077386,1,Safe
2.jpg,good,0.5819,113.64242575909242,4.9054954954954955,0.5091718343842151,0.1462212880631063,0.9903025197404064,0.0961766666666666,1,Safe
images716.jpg,good,0.4061,210.6595554080955,8.780590577305905,0.2291578395280027,0.0167264235793428,0.957980778888418,0.1540495867768595,1,Safe
images845.jpg,good,0.4141,212.64912727272727,8.412472727272728,0.4179256942055599,0.2361641983769795,0.9698837235627872,0.1599782687432089,1,Safe
tire_wear.jpg,good,0.6567,289.3963841757655,9.969608693396191,0.3252909062233559,0.0278115804141121,0.9494288282930216,0.1675151694538996,1,Safe
BCT_tire-tread-blog-scaled.jpg,good,0.7247,134.16266871073435,5.900402801575135,0.4805998941252721,0.3347641144582634,0.9900240974772864,0.0839483173076923,1,Safe
images892.jpg,good,0.3416,205.8598688133572,8.842642284502752,0.1995576315714358,0.0144335587541056,0.9702778337199424,0.1533511533511533,1,Safe
summer-tire-tread-indicator.png,good,0.4321,227.45575601374577,6.128878252331862,0.6447236327873322,0.240610248434464,0.9830540536321491,0.0801247553816047,1,Safe
images110.jpg,good,0.3367,191.0758928571429,6.636011904761906,0.444639599430587,0.2010122476028437,0.9717319597690788,0.0870553359683794,1,Safe
images306.jpg,good,0.3432,157.0797794606085,8.676497940746646,0.1540760133592984,0.0134400470875945,0.971727706769761,0.1615120274914089,0,Dangerous
images307.jpg,good,0.3165,420.4232457598936,13.823445294313268,0.1613006411822494,0.0517666427429473,0.9488075018415428,0.1831265508684863,1,Safe
images461.jpg,good,0.3015,195.2992437463642,8.337638161721932,0.2453382916461033,0.0266902250994009,0.9831219787451078,0.10625,1,Safe
images475.jpg,good,0.3423,87.65811965811966,4.889816471211821,0.4223461063379631,0.075477175217748,0.9930526363793056,0.0998580998580998,1,Safe
images878.jpg,good,0.4547,111.87092472831522,6.154943662910861,0.3479806413744707,0.0274636731253804,0.9608079205767692,0.2073810789263885,1,Safe
images844.jpg,good,0.3876,266.8198412698413,11.717857142857143,0.1099314917813029,0.012659233782477,0.9385472604313418,0.2506995884773662,1,Safe
images717.jpg,good,0.4244,202.13672806785056,9.187218393851047,0.1672518747190283,0.0129593045526707,0.9746194845862464,0.2047090680932567,1,Safe
images515.jpg,good,0.3635,131.9709947504818,6.841883181606753,0.2321253631502181,0.0157039992015214,0.9828562347919236,0.1560316566773734,1,Safe
images298.jpg,good,0.387,280.20100202791366,10.90965843572309,0.1263328336297231,0.0143144635731669,0.9569114535653684,0.1769504950495049,1,Safe
pt-blog-how-to-measure-tire-tread-depth-image-04.jpg,good,0.4998,52.91046805334329,4.488187034729118,0.3077345399175713,0.0253391264217938,0.9939880984267504,0.1344743601687584,1,Safe
images932.jpg,good,0.4899,407.5324153948241,15.031154611811544,0.1070690235076435,0.0104856659721981,0.9293594555605282,0.2485289256198347,1,Safe
images729.jpg,good,0.3497,149.89409479409477,8.132556332556332,0.2242749678001162,0.020169400926349,0.9746446458826892,0.1924177949709864,1,Safe
images649.jpg,good,0.5361,181.85609103078983,9.626907630522089,0.1257435054101393,0.0158578749672547,0.962015793413686,0.2701655982905983,1,Safe
images661.jpg,good,0.3769,187.7777777777778,8.308774724545334,0.2071040613239401,0.0168199752586896,0.971078199160593,0.1556547619047619,1,Safe
Using-penny-to-check-tire-tread_11416489.jpg,good,0.335,31.50050881552479,3.179316057271329,0.3661724718599066,0.022915168254288,0.9963318558129264,0.0582212786034442,1,Safe
images463.jpg,good,0.3624,251.34189814814815,10.56008597883598,0.1711722560665075,0.038310081711296,0.9609081620236236,0.174320987654321,1,Safe
images310.jpg,good,0.4145,119.70991062039958,5.920807045215563,0.2798365166618586,0.0239916770837836,0.9870036890696584,0.1249017295597484,1,Safe
images304.jpg,good,0.3449,169.06296296296296,8.66660052910053,0.1533119718067798,0.0129290695483934,0.9749714607128732,0.1686913580246913,0,Dangerous
images106.jpg,good,0.3381,316.34310207336523,12.12061403508772,0.1665420347264771,0.0339903754603313,0.968915533776094,0.1854825387385601,1,Safe
images660.jpg,good,0.3374,195.53887559808615,8.074096225412015,0.2992793889261884,0.096461849619307,0.9766485374160276,0.1323412698412698,1,Safe
images853.jpg,good,0.4188,354.90547544687354,13.801747624426874,0.0937607428920234,0.0101632047927617,0.9490457415912874,0.2370939435080631,1,Safe
images270.jpg,good,0.3733,180.77131782945736,8.027396806466573,0.2426653536278931,0.0190756248309625,0.9749517807944864,0.1475761475761475,1,Safe
images282.jpg,bad,0.3891,137.18343961737747,8.228477481068158,0.1482231568415553,0.0149717648782413,0.9658733311644592,0.1699048374306106,0,Dangerous
images26.jpg,bad,0.4508,137.42835855491904,7.777774098480083,0.2660774274902135,0.1108065499599315,0.9802481240567344,0.1573597359735973,0,Warning
bald-tire-3.png,bad,0.6871,69.8230592184527,5.8006289935272655,0.1949240880038187,0.0178837374225945,0.9812089611766412,0.1062743584315971,0,Warning
image22.jpeg,bad,0.4879,158.15090269480947,8.605303332005839,0.1434346113472679,0.0147372580175611,0.9677418681702986,0.1394179894179894,0,Warning
images334.jpg,bad,0.4749,308.89920371599203,13.488785666887855,0.0949151419303524,0.0111256125023296,0.9593126701192206,0.2362314049586777,0,Warning
images136.jpg,bad,0.4388,208.83867649011017,9.03919421213328,0.1715923801368008,0.0151507245277434,0.9671071835839248,0.1291005291005291,0,Warning
0kTHWraMPulZfu5p3.jpeg,bad,0.6373,41.56090319616053,3.823841008883897,0.344103637178476,0.0204267403108284,0.9930997766662236,0.0638571428571428,0,Warning
NO33QEYPJRK4K1CVO6WK.jpg,bad,0.5817,50.366731159019714,4.206869093685015,0.3151937699517669,0.026172555732017,0.9894383221449888,0.0680654058313632,0,Warning
3w2x8lzc7dc21.jpg,bad,0.5308,10.778130921683534,1.6935440039354723,0.4945804008671193,0.0300954764121742,0.9983318820433208,0.0046225063416515,0,Warning
bald-tire-2.jpg,bad,0.4078,170.68054626532887,7.581939799331104,0.3195963897175846,0.1747398822965963,0.984278124472772,0.1129444444444444,0,Warning
images19.jpg,bad,0.3429,166.6264780124884,8.171715158761792,0.2314807547597659,0.0166240445392261,0.9753164260239824,0.1327980438805181,1,Safe
9pd1vft7zwd11.jpg,bad,0.6531,46.810586386278985,3.799409706785665,0.3678523921658967,0.0289106356446072,0.9931639532937336,0.0631735423488213,0,Warning
images120.jpg,bad,0.4471,151.8554292929293,8.618786549707604,0.1551417814786155,0.0141007642748872,0.9718017570633702,0.2737635048072158,1,Safe
SN9TKVGEU665IZ29NW2D.jpg,bad,0.6754,101.28120605251446,6.652207387627948,0.2143240848995929,0.0172414435198211,0.9745954806713454,0.1571333333333333,0,Warning
images450.jpg,bad,0.4848,286.30396666666667,12.614166666666668,0.1009819029464524,0.0129123541187844,0.915327071632864,0.2111442786069651,0,Warning
images337.jpg,bad,0.433,145.8767209843698,7.368905886265381,0.245788509157787,0.0187835895743976,0.9700788874232864,0.1287499585639937,0,Warning
images121.jpg,bad,0.43,81.77489564698868,6.310508182601207,0.2066071335586584,0.0180096291911195,0.9791750161105716,0.1628551628551628,0,Warning
very-bald-tyretire-from-vintage-car-tread-is-nearly-worn-off-mot-test-EXKB1J.jpg,bad,0.6711,45.726093902924944,4.309314083891358,0.2610085841250494,0.0218013293731674,0.9846466708764614,0.1270564360262852,0,Warning
How-Long-Can-You-Drive-on-Bald-Tires.png,bad,0.5412,83.93660267111852,4.942209237618253,0.3421563069953344,0.0331954497573832,0.9918267102148174,0.0813263888888888,0,Warning
images257.jpg,bad,0.453,284.73541687535476,12.820828742195063,0.0898009290419164,0.0119492234745564,0.9125794989495588,0.263150912106136,0,Warning
images34.jpg,bad,0.4375,257.81678781240663,11.076969033157422,0.1346338302369199,0.0139756724101418,0.9459040122454716,0.2071735537190082,1,Safe
cm_balding_tyres_tread_bald_630px.jpg,bad,0.4537,52.850659081872955,4.053720524818791,0.3832924417446103,0.0263160379690565,0.9903621964101555,0.0440323565323565,1,Safe
images327.jpg,bad,0.4664,290.26828702937183,10.91599059571509,0.1927450929443578,0.0164206625407497,0.9511407012760318,0.1951815181518151,1,Safe
images332.jpg,bad,0.4288,138.25719496021222,7.437897877984087,0.2175598647282893,0.0202624596422555,0.9527718593025684,0.1222515681743149,0,Warning
knowledge_700px-short_bald.jpg,bad,0.6049,114.36432999523127,6.523904898153825,0.2520422826880741,0.0330401095457983,0.974633743229203,0.0818435374149659,0,Warning
images130.jpg,bad,0.3966,306.7715277777778,11.861607142857142,0.1322479494740071,0.0124071853016525,0.951929936936211,0.201679012345679,1,Safe
worn-car-tire-irregular-used-bald-low-thread-1511340.jpg,bad,0.7175,112.88490028490028,6.797812180831049,0.2498892782927023,0.0751383254693811,0.9800766411981496,0.0958480944712828,0,Warning
maxresdefault3.jpg,bad,0.6763,164.59343148148147,6.913235185185185,0.3267579982906071,0.0206977696806464,0.9805394088059984,0.0943226899961512,0,Warning
images278.jpg,bad,0.3766,142.8136726546906,7.579940119760479,0.2192801779430857,0.0157060520429036,0.9811808567790103,0.1371693121693121,0,Dangerous
bald-tire-on-norm-wylie-s-rental-car.jpg,bad,0.5713,12.006060074096016,2.1709365136836256,0.4303460531427548,0.0328090471799769,0.9969837510743992,0.0220103732924245,0,Warning
images126.jpg,bad,0.4248,219.93327342918,8.66663338658147,0.2136145731454377,0.03945469547047,0.9729836007762306,0.0763999469214437,0,Warning
images318.jpg,bad,0.4074,163.40148496921404,8.920862006519377,0.1973409392404018,0.0604901133904002,0.9737039600408178,0.1703823953823953,0,Warning
1666881312128.jpg,bad,0.704,139.82725290525437,7.139938063374441,0.2510658683666715,0.0205055511821242,0.9703478903559676,0.1060276134122288,0,Warning
images324.jpg,bad,0.4297,229.28421017669723,10.906569682476418,0.1184103256189079,0.0126610675858474,0.957108201925326,0.2127940787734602,0,Warning
AdobeStock_227945483-1024x1024.jpeg,bad,0.6321,54.205008384394695,4.477953412965215,0.2820376043479458,0.0235951268427533,0.9847087093276858,0.0429131732723577,0,Warning
Bald-Tires-Worn-on-Edges-1.jpg,bad,0.5892,76.69451845133497,4.902337358048485,0.325079151925093,0.0240136540299259,0.9892781629275113,0.129170440821256,0,Warning
images127.jpg,bad,0.3622,176.7567460448525,8.52838788519338,0.177304640070571,0.0151086659401741,0.9706568924438808,0.2011244821463799,1,Safe
image23.jpeg,bad,0.4879,158.15090269480947,8.605303332005839,0.1434346113472679,0.0147372580175611,0.9677418681702986,0.1394179894179894,0,Warning
images279.jpg,bad,0.3731,187.104889066029,8.423010495549356,0.2164802463999003,0.0195589027623458,0.9706883236312904,0.1354744911445942,0,Dangerous
bald-tires-hero.jpg,bad,0.564,25.411477333898112,2.6902602387949064,0.4555893341877272,0.0274584811107675,0.996282057011614,0.0318218694885361,0,Warning
afaf5be5938ca88bd0691bb68a6b91e19992e94c.jpeg,bad,0.6713,28.80149501227973,2.98891038249793,0.3750192319922165,0.0275899129540979,0.9948995619883532,0.0454586590463988,0,Warning
image28.jpeg,bad,0.4932,168.69645823642767,8.780051830686425,0.1417064531772954,0.0141398358575714,0.9698529882586588,0.109540050995066,0,Warning
images356.jpg,bad,0.4682,202.2864333256068,9.419848339348984,0.1735239844571092,0.0146816135833968,0.9564607954792664,0.2066006600660066,1,Safe
images418.jpg,bad,0.364,168.88798708197,8.966005184209408,0.1265062002257254,0.014086970321948,0.961514915143834,0.1581619700431581,0,Dangerous
images425.jpg,bad,0.4427,166.01065250784745,7.353536365457824,0.3014987752882055,0.0385873462851216,0.97387834106028,0.1267685342388228,0,Warning
Bald20Tire20Graham20Auto20Repair.jpg,bad,0.6041,34.34422508904526,2.9825275823125708,0.448286609772487,0.0324872555639321,0.9932111360181868,0.0340277777777777,0,Warning
images7.jpg,bad,0.373,114.73030303030302,6.904595404595405,0.2243635204747348,0.0170622299749796,0.981278152741976,0.1385502252849191,0,Dangerous
images169.jpg,bad,0.3847,428.18859781190406,11.839238515841949,0.2609076246963697,0.0627211205204549,0.9454695654001808,0.1402105824336932,0,Dangerous
images85.jpg,bad,0.3316,119.26097883597888,6.606216931216933,0.2175093519727747,0.0168489100567431,0.9829525658861248,0.1818600823045267,1,Safe
images235.jpg,bad,0.3765,169.979614873838,9.11905710491368,0.1420552319374766,0.0145568901831198,0.9632497341443786,0.175,0,Dangerous
image24.jpeg,bad,0.4968,269.98466176373154,10.5473729543497,0.1626149470851616,0.0180481917639459,0.9230494186485472,0.1784311784311784,0,Warning
images180.jpg,bad,0.4094,105.3915238474824,7.587684336389,0.152669603149074,0.0147930502086814,0.973279399429398,0.1900938408670367,0,Warning
images341.jpg,bad,0.4509,77.47540820390283,6.004878534448427,0.192637433791119,0.0197364484000405,0.9776088169890976,0.0975198412698412,0,Warning
images354.jpg,bad,0.4398,85.29924468296561,5.992413701716027,0.2384754943768611,0.0206136194897107,0.9828467182009406,0.188034188034188,1,Safe
images397.jpg,bad,0.4016,112.06351418616228,5.621901443504232,0.4444279888481983,0.1543192884009663,0.9546812838962804,0.1003306878306878,0,Warning
images4.jpg,bad,0.4472,281.9102120210076,11.58918498346625,0.1229440309539226,0.0145411404597217,0.9461474884070968,0.1920781334780249,0,Warning
images181.jpg,bad,0.3486,221.8181938647055,10.00748691446366,0.1453991390856464,0.0138074178383285,0.9751954213315248,0.1981321981321981,1,Safe
images195.jpg,bad,0.3912,228.850398142004,10.99479097544791,0.1125229502126066,0.0113595306907027,0.9640325351247784,0.2150743801652892,0,Dangerous
images57.jpg,bad,0.4084,150.1242960312728,7.044656463261115,0.2983748095766187,0.0259467070094684,0.9805764030885992,0.1046431046431046,0,Warning
images393.jpg,bad,0.4326,131.25371287128712,8.619077086280058,0.1233118055245986,0.0143279285489048,0.9656856720776734,0.2026842684268426,0,Warning
images153.jpg,bad,0.4175,78.64183808891838,6.055441274054413,0.1924745529543552,0.0208313824180879,0.968983716706875,0.1698181818181818,0,Warning
AdobeStock_150196880.jpeg,bad,0.6755,54.086529759977424,3.752318447117819,0.4105782049445464,0.0387951608142938,0.9936378709540584,0.0359128169388026,0,Warning
images184.jpg,bad,0.4296,176.17795934635313,9.54125149461937,0.1357137160111634,0.0137260274114168,0.9681168432424782,0.1472376420830029,0,Warning
image25.jpeg,bad,0.4968,269.98466176373154,10.5473729543497,0.1626149470851616,0.0180481917639459,0.9230494186485472,0.1784311784311784,0,Warning
images190.jpg,bad,0.3929,192.44812479256555,8.669897112512444,0.1970947496390849,0.015477205794839,0.9732818976587686,0.1203174078360059,0,Dangerous
bald-tires-300x200.jpg,bad,0.4208,99.59933110367894,6.893311036789298,0.1678767389994002,0.0150076301307654,0.9798967655202644,0.1857222222222222,0,Warning
ghows-LK-6ba044f3-dfb4-200b-e053-0100007f6ed2-bc18eb14.jpeg,bad,0.5716,174.7296523861628,6.568112953455097,0.3237679549066274,0.067782399513841,0.9715397284956516,0.0948292150399932,0,Warning
Bald_tyre.jpg,bad,0.645,114.27683530461309,6.276346081901638,0.3204376510238714,0.0201765988000403,0.9836430833665912,0.1224161459455577,0,Warning
bald-tires.jpg,bad,0.6856,90.40082854502845,6.098696234831936,0.2260536348909996,0.0147219617458018,0.9862303893782092,0.1108081920281876,0,Warning
bald-tire2.jpg,bad,0.6956,42.92206427067405,3.46046318268393,0.4719621453319888,0.2406166815057868,0.9956074558099928,0.1029744075829383,0,Warning
5375872625_deb2cec554_w.jpg,bad,0.499,34.40285024709804,4.23188139294334,0.2434229919073487,0.0265142211705242,0.977869299907021,0.0826952175707276,0,Warning
bald-tire-not-safe-for-road.jpg,bad,0.5479,17.352828289144572,2.0307635067533765,0.5443301999792944,0.0329875895081067,0.9980614522026648,0.00968125,0,Warning
bald-tire.jpg,bad,0.4019,98.24177814938685,6.463963210702341,0.2112634208343742,0.019250349523296,0.9846069185610558,0.1414166666666666,0,Warning
images186.jpg,bad,0.3893,161.30199743448782,8.33516584203775,0.1823563660582956,0.0157364170940443,0.974670821416054,0.1724956191588785,0,Dangerous
images179.jpg,bad,0.368,202.23630845173773,8.957207657928091,0.1765186951468953,0.0149548753737216,0.9781267129875304,0.1256645401382243,0,Dangerous
Tire-Wear.jpg,bad,0.5943,246.05895691609976,9.420053597196452,0.2151693480515594,0.0182778246368418,0.9597629354852854,0.1604660737812911,1,Safe
image29.jpeg,bad,0.4932,168.69645823642767,8.780051830686425,0.1417064531772954,0.0141398358575714,0.9698529882586588,0.109540050995066,0,Warning
images2.jpg,bad,0.4225,109.12804232804234,7.389285714285715,0.1582204665718661,0.0176268711676693,0.960313344004189,0.0907325102880658,0,Warning
baldtyre.jpg,bad,0.7617,124.80860247913364,6.837277409579107,0.2069578248281124,0.0152175025908472,0.980156972140111,0.0906920747611232,0,Warning
images149.jpg,bad,0.4079,154.20892151326936,8.973394891553461,0.1317300212629089,0.0135482257592471,0.964971334941348,0.2065217391304347,0,Warning
images411.jpg,bad,0.3844,110.57917995746942,7.599913609782031,0.1517910986439168,0.0151938277900916,0.9693504456438252,0.1838305745531437,0,Dangerous
images438.jpg,bad,0.42,131.9545635711439,8.332336920419822,0.1367457675058156,0.0139847300813505,0.9672417183448192,0.1848400740153317,0,Warning
bald_tire.preview.jpg,bad,0.5553,63.57570422535211,4.508063814988698,0.3348014130199299,0.0413794082450622,0.9907968122233922,0.0516927083333333,0,Warning
iStock-950135282.jpg,bad,0.6993,70.96661346992472,4.908014232517544,0.3220545700928806,0.0263452463220558,0.9872845712750096,0.0459749809014514,0,Warning
images71.jpg,bad,0.3882,133.98577586206898,7.496518567639256,0.2204997438624804,0.0237492549738705,0.97800801753757,0.1458911348923239,0,Dangerous
images67.jpg,bad,0.3982,194.7581287325813,9.462309223623093,0.1711587129385632,0.0131325475126325,0.971752466363154,0.2511404958677686,1,Safe
Photo-showing-the-bald-front-right-tire-of-a-beige-colored-car.jpg,bad,0.5673,23.157412412412413,2.569764764764765,0.4716314297744192,0.0522143979280008,0.9963964951408166,0.0408075,0,Warning
524c6e310b26e.image.jpg,bad,0.4719,107.66985836824256,4.978525399179524,0.4357436438696306,0.1637005117544431,0.9897898506103489,0.0729053036205911,0,Warning
balding-tires.jpg,bad,0.6901,116.6452324059851,6.817040735051487,0.1999255828996651,0.0170478774482436,0.973301079357904,0.094208148653256,0,Warning
081510web_a1ROADTIRES052_t600.jpg,bad,0.459,189.8563855914859,9.097769136307818,0.1975592401257735,0.0152305560431806,0.9749204841290168,0.2348163265306122,1,Safe
images76.jpg,bad,0.3661,199.41423176306895,8.211621281388723,0.2207326457362682,0.0163311504917677,0.9750215419107509,0.161040161040161,1,Safe
images62.jpg,bad,0.4131,200.48115020208047,9.395083813688466,0.1644694422574942,0.0137190075767398,0.9607954519036684,0.1631191631191631,0,Warning
4331fb6a03281e84b3d56a3c7ce1330319be5600.jpeg,bad,0.6582,52.363191006600665,3.9205518824908814,0.3199690881088263,0.0213770511713792,0.9906338425789292,0.0372996012369791,0,Warning
images417.jpg,bad,0.3874,172.0587883618972,9.089610734688456,0.1341882104534288,0.0132048209253672,0.9624787754956518,0.1946867565424266,0,Dangerous
Treading-too-lightly-OPP-charge-driver-for-dangerously-bald-tires.jpg,bad,0.6107,20.149478877153975,2.8580067630164905,0.3646111378774436,0.0244488056762393,0.9959041493734068,0.0237824074074074,0,Warning
cl1yt9ksg2ea1.jpg,bad,0.7269,103.90555882918844,6.96395732483371,0.1908154357904148,0.0132636671785994,0.9836177493663928,0.1281422862654776,0,Warning
bald-black-tires-worn-tread-dirty-tyres-show-wear-miles-driving-need-replacement-116849212.jpg,bad,0.666,85.27976700736345,5.5048137157929435,0.267410268331692,0.0211630561693571,0.9851412973868134,0.1209684499314129,0,Warning
stock-photo-bald-tyre-with-no-tread-left-1415399372.jpg,bad,0.7014,109.06010805901542,7.030120292111507,0.1947058903435737,0.0162624058807829,0.981486731741724,0.1509212962962963,0,Warning
images63.jpg,bad,0.382,328.2986441798942,11.87152777777778,0.1978173686293277,0.0618034721340269,0.93773647138499,0.1623703703703703,0,Dangerous
26.jpg,bad,0.658,123.2694067894798,6.714694849959448,0.2482574127133475,0.016943988092123,0.9819278260138796,0.1281032986111111,0,Warning
everything-you-need-to-know-about-bald-tires-e1637025334553.jpg,bad,0.477,71.05504326854873,4.89319209974622,0.279425478174494,0.0211297878549654,0.9815069629215594,0.1140094339622641,0,Warning
images401.jpg,bad,0.371,118.94123677248676,7.429728835978836,0.1738502088713999,0.0210676698537817,0.9720442214174976,0.1027818930041152,0,Dangerous
images171.jpg,bad,0.3837,139.19303839511093,7.475023249634649,0.1872663649974363,0.017488631547604,0.9757755014860642,0.132269362939466,0,Dangerous
images165.jpg,bad,0.4045,116.10381971979908,5.380980703145651,0.4960266830545418,0.2039674252911152,0.9833394607943996,0.1226620126448893,0,Warning
images159.jpg,bad,0.4698,218.81809390422836,9.569461117780444,0.2033343348196792,0.042542669456795,0.9534366212526368,0.1640954182011214,0,Warning
webimage-Content_News_tyre_damage_wear_onesided_image_article.png,bad,0.6539,95.3488493631972,5.9432630654369785,0.2470412312892463,0.0202658726259536,0.9804915961785764,0.068859649122807,0,Warning
bald-tires-suck.jpg,bad,0.5654,25.93978006363328,2.804001129689204,0.4175392262527346,0.0362177999158014,0.994443623729867,0.0643253968253968,0,Warning
images60.jpg,bad,0.3794,133.70683477106834,7.453151957531519,0.2027032270615518,0.0161830494918952,0.9739452372441932,0.1380826446280991,0,Dangerous
images260.jpg,bad,0.3725,126.72890472890474,7.180873180873181,0.1898830656714103,0.0180893165831775,0.9756873454682096,0.1550624589086127,0,Dangerous
images13.jpg,bad,0.3902,147.56058394160584,8.185202388852023,0.2015071733920042,0.0213463622866876,0.9773477849699288,0.1990743801652892,1,Safe
Rear-Tires-are-Bald-1.jpg,bad,0.5986,51.11910017535936,4.284487163991747,0.3225511210668673,0.0197105191274048,0.9909411852279212,0.0617564567516269,0,Warning
images328.jpg,bad,0.4817,430.12525272612777,11.684564648172085,0.3329638048833471,0.1224432683010923,0.9479104078315488,0.1757363624356095,0,Warning
images329.jpg,bad,0.3658,120.58776780688105,6.314447498261532,0.2852116076491201,0.035027034161362,0.9842452973673292,0.1643894389438943,1,Safe
Bald20tyre.png,bad,0.6513,108.06159542857142,6.200557714285715,0.2653933485775865,0.0206289666444135,0.971998030511436,0.0974121405750798,0,Warning
images315.jpg,bad,0.4471,255.33094812164583,10.276419532233486,0.1723030598445663,0.0159399103834912,0.9337794156859922,0.1551991551991552,0,Warning
images249.jpg,bad,0.445,225.54268533123027,9.51738301787592,0.163097381108998,0.0129296641451481,0.9685962496136268,0.1743645178197065,1,Safe
Checking-Tire-Tread-with-Penny-11416489_xl-2015.jpg,bad,0.4913,17.64300925925926,2.5796064814814814,0.3997599996635065,0.025419022189623,0.9981281078126598,0.0145587668593448,1,Safe
Flat-tire-on-the-side-of-the-road_97025114.jpg,bad,0.5961,89.56990528128588,6.177195752009185,0.2328938447439613,0.0154518236970488,0.987208572039243,0.1450353593272171,0,Warning
close-up-of-an-old-worn-out-and-almost-bald-tyre-2GDFYCA.jpg,bad,0.7013,83.26407938693663,6.432957336870422,0.1837829158887876,0.0155030394169636,0.9815600792778756,0.192983026363308,0,Warning
images262.jpg,bad,0.4052,105.7591572660916,7.225049767750498,0.1572390603532019,0.0145471739135594,0.9789754734659448,0.1943140495867768,0,Warning
images289.jpg,bad,0.3569,87.89594127806564,6.199581506576325,0.1851976593705825,0.0165595179496563,0.9836833838336688,0.0703806502775575,0,Dangerous
images299.jpg,bad,0.4025,83.07853351028535,6.024983410749835,0.1977199714206511,0.0187358230505072,0.9809591444437812,0.1337520661157024,0,Warning
_450x337_BMW_bald_tyres.jpg,bad,0.5672,136.65962865774327,7.730699684667798,0.1915058571419369,0.0183691069923871,0.9602603289405096,0.1067216721672167,0,Warning
TIRES_POWHATAN_23139.jpg,bad,0.6727,141.70245698644422,6.8277647433669335,0.2576098137466392,0.0297266226224754,0.9837768894485216,0.1054343894675925,0,Warning
images312.jpg,bad,0.5232,356.51104844061047,14.201758460517585,0.082921333066212,0.0105900762903844,0.9232511384823328,0.2576198347107438,0,Warning
images313.jpg,bad,0.3439,228.98048715736377,10.311409039623015,0.1372272710399897,0.0123953147419993,0.9733949434227612,0.1811210999471179,1,Safe
bald-tire-car-accident-attorney-syracuse-ny.jpg,bad,0.6149,92.72564061796116,6.103572091051223,0.2189706120612728,0.0195316767504959,0.976734787501163,0.0731878306878306,0,Warning
images28.jpg,bad,0.4013,181.06629467251224,9.28796333200478,0.1466522230646627,0.0148529411568232,0.9542932018232556,0.1323354480570975,0,Warning
images107.jpg,bad,0.3755,103.95157433240335,7.219476551082769,0.1558572602572566,0.0149301502249394,0.9776602422267654,0.1643867301083796,0,Dangerous
Unevenly_worn_worn_and_bald_tires_side_by_side.jpg,bad,0.7549,143.34908873370415,6.9631347323655035,0.2125990828931323,0.0153388750303213,0.9783795229036928,0.0804556213017751,0,Warning
images311.jpg,bad,0.4123,99.3405739338382,7.551149196226919,0.1379837522727877,0.0151685117417315,0.9683763525216296,0.2019891620407084,0,Warning
images477.jpg,bad,0.4514,111.89654144305304,7.59540846750149,0.155365783262345,0.0185744818096436,0.9409621583996076,0.1529221529221529,0,Warning
images462.jpg,bad,0.3416,205.8598688133572,8.842642284502752,0.1995576315714358,0.0144335587541056,0.9702778337199424,0.1533511533511533,1,Safe
images106.jpg,bad,0.4481,274.4719164456234,12.101094164456237,0.1069377272162532,0.0124001315557323,0.9621007557623912,0.2632170235263019,0,Warning
Why-Is-it-Unsafe-to-Drive-on-Bald-Tires_-01-1024x649.png,bad,0.6376,21.089272376369156,3.2148758051983863,0.297479551972229,0.0310280033714238,0.987666680135324,0.0519956931089743,0,Warning
